-- phpMyAdmin SQL Dump
-- version 4.7.4
-- https://www.phpmyadmin.net/
--
-- Host: 127.0.0.1
-- Generation Time: Jul 17, 2018 at 01:02 PM
-- Server version: 10.1.30-MariaDB
-- PHP Version: 7.2.1

SET SQL_MODE = "NO_AUTO_VALUE_ON_ZERO";
SET AUTOCOMMIT = 0;
START TRANSACTION;
SET time_zone = "+00:00";


/*!40101 SET @OLD_CHARACTER_SET_CLIENT=@@CHARACTER_SET_CLIENT */;
/*!40101 SET @OLD_CHARACTER_SET_RESULTS=@@CHARACTER_SET_RESULTS */;
/*!40101 SET @OLD_COLLATION_CONNECTION=@@COLLATION_CONNECTION */;
/*!40101 SET NAMES utf8mb4 */;

--
-- Database: `laracom`
--

-- --------------------------------------------------------

--
-- Table structure for table `migrations`
--

CREATE TABLE `migrations` (
  `id` int(10) UNSIGNED NOT NULL,
  `migration` varchar(191) COLLATE utf8mb4_unicode_ci NOT NULL,
  `batch` int(11) NOT NULL
) ENGINE=InnoDB DEFAULT CHARSET=utf8mb4 COLLATE=utf8mb4_unicode_ci;

--
-- Dumping data for table `migrations`
--

INSERT INTO `migrations` (`id`, `migration`, `batch`) VALUES
(1, '2014_10_12_000000_create_users_table', 1),
(2, '2014_10_12_100000_create_password_resets_table', 1),
(3, '2018_07_17_071423_create_products_table', 1),
(4, '2018_07_17_071521_create_reviews_table', 1);

-- --------------------------------------------------------

--
-- Table structure for table `password_resets`
--

CREATE TABLE `password_resets` (
  `email` varchar(191) COLLATE utf8mb4_unicode_ci NOT NULL,
  `token` varchar(191) COLLATE utf8mb4_unicode_ci NOT NULL,
  `created_at` timestamp NULL DEFAULT NULL
) ENGINE=InnoDB DEFAULT CHARSET=utf8mb4 COLLATE=utf8mb4_unicode_ci;

-- --------------------------------------------------------

--
-- Table structure for table `products`
--

CREATE TABLE `products` (
  `id` int(10) UNSIGNED NOT NULL,
  `name` varchar(191) COLLATE utf8mb4_unicode_ci NOT NULL,
  `details` text COLLATE utf8mb4_unicode_ci NOT NULL,
  `price` int(11) NOT NULL,
  `stock` int(11) NOT NULL,
  `discount` int(11) NOT NULL,
  `created_at` timestamp NULL DEFAULT NULL,
  `updated_at` timestamp NULL DEFAULT NULL
) ENGINE=InnoDB DEFAULT CHARSET=utf8mb4 COLLATE=utf8mb4_unicode_ci;

--
-- Dumping data for table `products`
--

INSERT INTO `products` (`id`, `name`, `details`, `price`, `stock`, `discount`, `created_at`, `updated_at`) VALUES
(1, 'fuga', 'Laborum voluptatem incidunt et porro consequuntur rem repudiandae aut. Amet totam quo voluptatem maiores quam. Aut aut quidem in.', 643, 6, 6, '2018-07-17 05:28:17', '2018-07-17 05:28:17'),
(2, 'expedita', 'Autem consequatur iste eos quis vero fugiat. Sequi qui neque doloremque tenetur cupiditate ut praesentium. Ad autem velit exercitationem perferendis. Eius et et quas aspernatur.', 489, 4, 10, '2018-07-17 05:28:18', '2018-07-17 05:28:18'),
(3, 'dolor', 'Dolorem dolor reprehenderit nesciunt. Error et molestiae cum voluptatem qui architecto. Quis quae neque eum quasi sint temporibus dignissimos.', 284, 4, 7, '2018-07-17 05:28:18', '2018-07-17 05:28:18'),
(4, 'est', 'Provident impedit repellendus ullam iusto et quos adipisci. Sint qui est quos est voluptatem et.', 391, 5, 8, '2018-07-17 05:28:18', '2018-07-17 05:28:18'),
(5, 'asperiores', 'Distinctio aut repellendus eligendi provident et. Delectus deserunt accusamus quasi numquam molestiae voluptatem omnis voluptas. Dolorem qui illo praesentium et. Culpa et veniam in.', 713, 2, 3, '2018-07-17 05:28:18', '2018-07-17 05:28:18'),
(6, 'tenetur', 'Sit amet accusamus dolorem tempora ut. Ipsam et voluptas sunt necessitatibus ipsam. Dicta et qui corporis earum. Velit voluptatum iusto laudantium quaerat quia quo.', 123, 4, 27, '2018-07-17 05:28:18', '2018-07-17 05:28:18'),
(7, 'vel', 'Deleniti eum harum in ut repellendus fugiat. Cupiditate exercitationem ipsa cupiditate facilis deleniti accusamus. Voluptates vitae qui id ullam quod omnis perspiciatis.', 631, 4, 10, '2018-07-17 05:28:18', '2018-07-17 05:28:18'),
(8, 'sed', 'Inventore nihil qui pariatur vitae. Voluptatem repellat praesentium praesentium harum ullam natus quo quia. Non alias est non nobis eveniet rerum dolorem est.', 511, 2, 21, '2018-07-17 05:28:18', '2018-07-17 05:28:18'),
(9, 'soluta', 'Tempora veniam minus dolorem minus. Dolore ipsum nam dolore. Impedit est et ut sint et sed. Pariatur minus rerum sint eos at officiis quisquam.', 835, 3, 2, '2018-07-17 05:28:18', '2018-07-17 05:28:18'),
(10, 'quia', 'Fugit unde sint omnis. Eum similique deserunt dolor quo at repudiandae. Et ratione quae doloribus deleniti qui consequatur repudiandae.', 836, 9, 13, '2018-07-17 05:28:18', '2018-07-17 05:28:18'),
(11, 'vitae', 'Eum incidunt voluptatem explicabo eveniet. Earum dolore provident explicabo sunt error molestiae. Inventore voluptatem saepe ab atque ea sed. Sit architecto quis voluptatem magnam optio eum eligendi amet. Voluptatem accusantium dolor possimus et ullam non.', 954, 5, 18, '2018-07-17 05:28:18', '2018-07-17 05:28:18'),
(12, 'quas', 'Expedita sit dicta autem natus accusamus. Vitae aspernatur maxime aut. Qui maiores voluptate et. At ad et a libero.', 346, 7, 6, '2018-07-17 05:28:18', '2018-07-17 05:28:18'),
(13, 'quia', 'Esse qui cum aliquid et modi delectus. Sed ex et possimus praesentium.', 736, 3, 21, '2018-07-17 05:28:18', '2018-07-17 05:28:18'),
(14, 'velit', 'Illo est laboriosam et optio porro. Rerum debitis dolore rerum quae inventore nihil. Exercitationem autem tenetur perferendis.', 832, 6, 13, '2018-07-17 05:28:18', '2018-07-17 05:28:18'),
(15, 'repudiandae', 'Et id minus provident inventore. Quasi mollitia odio quia repudiandae magnam animi provident. Suscipit dolores rerum aspernatur adipisci iusto est.', 925, 8, 16, '2018-07-17 05:28:19', '2018-07-17 05:28:19'),
(16, 'mollitia', 'Qui sequi aut a maiores. Provident illum occaecati iure minima aperiam repellendus ut. Odit nihil qui quae voluptatibus et. Omnis dignissimos ipsam debitis incidunt architecto aliquam dolorem.', 177, 2, 7, '2018-07-17 05:28:19', '2018-07-17 05:28:19'),
(17, 'mollitia', 'Assumenda quia animi enim itaque dolorem vel. Sint a magnam ex non blanditiis. Ratione tenetur accusantium amet perspiciatis est officia aliquid voluptas.', 951, 0, 6, '2018-07-17 05:28:19', '2018-07-17 05:28:19'),
(18, 'nam', 'Sed aut ut occaecati. Nulla molestiae nam molestiae consequatur. Earum est minus eaque sint doloribus numquam et sed. Nihil dolorem sed rerum.', 309, 8, 18, '2018-07-17 05:28:19', '2018-07-17 05:28:19'),
(19, 'nihil', 'Fuga fugit magnam cupiditate officiis hic quibusdam. Optio quia ex odio officiis rem quasi sunt. Autem nemo optio mollitia velit. Minus saepe ut ullam ex commodi. Expedita voluptatem animi saepe quod.', 949, 1, 26, '2018-07-17 05:28:19', '2018-07-17 05:28:19'),
(20, 'dolorem', 'Velit aspernatur suscipit autem quas ullam. Pariatur fuga et est sed. Repellendus rerum nobis delectus cum impedit.', 606, 5, 2, '2018-07-17 05:28:19', '2018-07-17 05:28:19'),
(21, 'et', 'Veritatis ratione architecto aut et aut sequi velit. Iusto consectetur architecto illum quia est. Earum voluptatem molestiae temporibus. Et rerum molestiae quod molestiae.', 329, 7, 30, '2018-07-17 05:28:19', '2018-07-17 05:28:19'),
(22, 'ea', 'Non aspernatur veniam ratione excepturi cupiditate voluptatem est neque. Quis dolor qui ut amet quod sit. Libero sed rerum et facere. Qui praesentium quo saepe aspernatur.', 694, 4, 19, '2018-07-17 05:28:19', '2018-07-17 05:28:19'),
(23, 'recusandae', 'Perferendis consequatur quam ratione sit omnis. Enim distinctio excepturi quia voluptas voluptatem atque ullam. Hic itaque totam eligendi similique odit illum in.', 659, 5, 14, '2018-07-17 05:28:19', '2018-07-17 05:28:19'),
(24, 'nihil', 'Id voluptatem ullam facilis placeat temporibus quia quaerat deleniti. Sequi totam ut minus modi unde. Et deserunt rerum eligendi fugit harum eligendi sunt. Fuga accusantium soluta necessitatibus nesciunt eaque nihil sit.', 145, 0, 11, '2018-07-17 05:28:19', '2018-07-17 05:28:19'),
(25, 'et', 'Rerum cupiditate dolorem amet est at consequatur optio itaque. Molestias quibusdam inventore et quia culpa. Corporis iste amet sint autem optio et.', 561, 7, 21, '2018-07-17 05:28:19', '2018-07-17 05:28:19'),
(26, 'et', 'Dolore facilis cupiditate neque eum odio. Earum et ipsum expedita magnam enim ea. A quia accusamus et quis nam. Eius nemo quasi nisi non quo dolor.', 282, 7, 30, '2018-07-17 05:28:19', '2018-07-17 05:28:19'),
(27, 'architecto', 'Voluptatum doloribus rem aperiam. Sint unde quas deleniti dolorem sequi quis at. Sit asperiores in est. Consequuntur necessitatibus quis veniam consequatur ipsam non.', 969, 2, 22, '2018-07-17 05:28:19', '2018-07-17 05:28:19'),
(28, 'ea', 'Minus aut aliquid aut praesentium adipisci nemo vel. Velit reiciendis necessitatibus sed explicabo. Et dolorem maiores quae beatae et pariatur.', 361, 9, 7, '2018-07-17 05:28:19', '2018-07-17 05:28:19'),
(29, 'voluptatem', 'In excepturi qui occaecati id iusto hic enim. Et in quis deleniti ea sunt error. Enim sequi voluptas aut facilis sint et. Consequatur quam molestiae aut odit quo molestiae nihil.', 708, 6, 17, '2018-07-17 05:28:19', '2018-07-17 05:28:19'),
(30, 'aut', 'Cum dicta minima eos repudiandae. Ad cum assumenda rerum sint sunt. Iste quia eos ut iusto excepturi sit. Aut sunt cupiditate quisquam vitae distinctio impedit explicabo eligendi.', 270, 0, 13, '2018-07-17 05:28:19', '2018-07-17 05:28:19'),
(31, 'beatae', 'Molestiae aliquam occaecati velit recusandae. Consectetur quasi libero quidem vel labore dolore libero. Magni in modi odit quia. A dolor vel deserunt aliquam dolorem.', 409, 4, 23, '2018-07-17 05:28:19', '2018-07-17 05:28:19'),
(32, 'omnis', 'Suscipit rem aut sunt laborum beatae omnis. Aut vero aut ad debitis. Ad recusandae tempora omnis quod cum qui.', 714, 3, 16, '2018-07-17 05:28:19', '2018-07-17 05:28:19'),
(33, 'maxime', 'Quia saepe quia et nihil rem. Laborum et vel sint ex fuga est et molestiae. Autem nisi occaecati in quia aperiam. Quo ut nam nobis.', 173, 5, 19, '2018-07-17 05:28:19', '2018-07-17 05:28:19'),
(34, 'repudiandae', 'Reiciendis quia eum voluptatem. Voluptatum cum a quia ullam. Incidunt quaerat magnam impedit ut sit cumque optio iste. Neque nulla quia deserunt adipisci assumenda labore. Distinctio facere cumque at.', 120, 4, 13, '2018-07-17 05:28:19', '2018-07-17 05:28:19'),
(35, 'eveniet', 'Sed maxime a sed. Deserunt dolorum ex voluptates tenetur. Similique quibusdam enim neque fugit.', 757, 9, 24, '2018-07-17 05:28:19', '2018-07-17 05:28:19'),
(36, 'est', 'Esse veniam magnam quasi placeat nihil exercitationem. Autem est quia molestiae error sunt. Excepturi perferendis molestiae sint rerum distinctio repellendus. Rerum eos ullam sint minus laudantium.', 161, 4, 25, '2018-07-17 05:28:19', '2018-07-17 05:28:19'),
(37, 'perspiciatis', 'Totam necessitatibus a pariatur voluptatem consequatur sed dolore ducimus. Maxime aut sunt velit at et consequatur sit omnis. Vero et in a cupiditate in blanditiis occaecati.', 940, 7, 7, '2018-07-17 05:28:19', '2018-07-17 05:28:19'),
(38, 'quisquam', 'Consequuntur magnam autem natus necessitatibus nobis architecto. Quam sed accusantium debitis voluptatem eos. Consequatur sed deserunt qui quisquam dolor enim. Optio qui sequi labore doloribus.', 194, 9, 13, '2018-07-17 05:28:19', '2018-07-17 05:28:19'),
(39, 'qui', 'Et officiis dignissimos rem quo ducimus enim. Dicta ut dolorem itaque ullam. Nobis quo id earum est mollitia. Sed cum quibusdam veniam voluptatem deleniti velit distinctio.', 751, 7, 11, '2018-07-17 05:28:19', '2018-07-17 05:28:19'),
(40, 'consequatur', 'Earum voluptate natus enim quam cumque est. Libero sunt sit ab repellat. Mollitia non et dolores placeat facilis quia voluptatem. Magni asperiores libero ex eligendi incidunt vero dolores deleniti.', 818, 1, 20, '2018-07-17 05:28:20', '2018-07-17 05:28:20'),
(41, 'consequatur', 'Laborum fuga nobis dolores molestias. Et quos rerum facere optio est quia distinctio esse. Commodi quisquam impedit distinctio voluptatem incidunt aut dignissimos quia.', 629, 4, 2, '2018-07-17 05:28:20', '2018-07-17 05:28:20'),
(42, 'incidunt', 'Ea et incidunt perspiciatis adipisci voluptatibus esse. Numquam placeat sint dolore et. Voluptatum amet quia et neque. Quia ut aut expedita illo eligendi mollitia.', 458, 4, 6, '2018-07-17 05:28:20', '2018-07-17 05:28:20'),
(43, 'eveniet', 'Libero cumque distinctio facere temporibus corrupti eveniet possimus molestias. Asperiores aut quia ex iste at hic blanditiis. Ex non quo minus omnis illo quia at.', 570, 7, 10, '2018-07-17 05:28:20', '2018-07-17 05:28:20'),
(44, 'nam', 'Numquam rerum voluptas quidem commodi. Eos dolorum nihil iure hic. At autem ipsa nulla aut voluptas.', 859, 2, 30, '2018-07-17 05:28:20', '2018-07-17 05:28:20'),
(45, 'culpa', 'Labore vel omnis vel mollitia maxime ratione. Quibusdam et aut quia quidem et iusto. Iure placeat nulla distinctio facere.', 452, 9, 24, '2018-07-17 05:28:20', '2018-07-17 05:28:20'),
(46, 'magnam', 'A sint nostrum quia et. Aspernatur magnam quia dolores beatae. Est explicabo aut voluptates aspernatur dolor expedita.', 562, 0, 12, '2018-07-17 05:28:20', '2018-07-17 05:28:20'),
(47, 'cupiditate', 'Dolorem dolorum distinctio deserunt aut vitae et. Porro velit temporibus provident quis. Cumque magnam quo provident dolorem. Voluptatem asperiores dolores blanditiis consectetur commodi.', 939, 1, 22, '2018-07-17 05:28:20', '2018-07-17 05:28:20'),
(48, 'numquam', 'Eius error qui quo non molestiae. Sapiente aut laboriosam totam rerum est. Quis in necessitatibus facilis amet non eos itaque. Distinctio possimus quia illo totam.', 623, 7, 20, '2018-07-17 05:28:20', '2018-07-17 05:28:20'),
(49, 'tempore', 'Tenetur quam sint aut ipsum eos mollitia. Quae similique aliquam aspernatur accusamus earum. Nemo nobis perferendis ut minus fugiat sit totam.', 184, 3, 24, '2018-07-17 05:28:20', '2018-07-17 05:28:20'),
(50, 'voluptas', 'Rerum ut quo voluptas aut nam iste exercitationem perferendis. Error accusamus molestiae dolor et. In necessitatibus fuga sunt repellat repudiandae.', 497, 3, 15, '2018-07-17 05:28:20', '2018-07-17 05:28:20');

-- --------------------------------------------------------

--
-- Table structure for table `reviews`
--

CREATE TABLE `reviews` (
  `id` int(10) UNSIGNED NOT NULL,
  `product_id` int(10) UNSIGNED NOT NULL,
  `customer` varchar(191) COLLATE utf8mb4_unicode_ci NOT NULL,
  `review` text COLLATE utf8mb4_unicode_ci NOT NULL,
  `star` int(11) NOT NULL,
  `created_at` timestamp NULL DEFAULT NULL,
  `updated_at` timestamp NULL DEFAULT NULL
) ENGINE=InnoDB DEFAULT CHARSET=utf8mb4 COLLATE=utf8mb4_unicode_ci;

--
-- Dumping data for table `reviews`
--

INSERT INTO `reviews` (`id`, `product_id`, `customer`, `review`, `star`, `created_at`, `updated_at`) VALUES
(1, 50, 'Prof. Sven Emard', 'Minus fugit est qui qui nihil. Quo fugit non quidem iste consequatur et at. Est iste neque nobis commodi.', 0, '2018-07-17 05:28:21', '2018-07-17 05:28:21'),
(2, 50, 'Myriam Ortiz', 'Distinctio consequatur harum doloremque libero. Sint incidunt non sint quae voluptas. Est consequatur beatae aspernatur voluptatum est inventore dolores voluptatem.', 4, '2018-07-17 05:28:21', '2018-07-17 05:28:21'),
(3, 25, 'Mr. Maximilian Olson I', 'Aliquid laudantium ea quam mollitia quis et. Et qui dolores cum aperiam. Repellat est laborum fuga laudantium sed. Optio itaque adipisci impedit sit voluptas qui blanditiis.', 2, '2018-07-17 05:28:21', '2018-07-17 05:28:21'),
(4, 16, 'Sandy Bosco', 'Distinctio reiciendis molestias reprehenderit amet omnis. Id quod quidem delectus id eveniet quis. Qui earum veritatis voluptatibus atque ab voluptatem.', 4, '2018-07-17 05:28:21', '2018-07-17 05:28:21'),
(5, 1, 'Brielle Quigley', 'Qui laudantium quis quo amet. Fugiat sit non dolorem porro totam placeat.', 1, '2018-07-17 05:28:21', '2018-07-17 05:28:21'),
(6, 2, 'Casimer Purdy', 'In praesentium voluptatem rerum cupiditate. Recusandae tenetur sequi ipsum molestiae cumque. Laudantium non exercitationem tempore corporis excepturi ab. Voluptas veritatis consequatur esse vero illum. Et est quo pariatur ipsam reiciendis.', 1, '2018-07-17 05:28:21', '2018-07-17 05:28:21'),
(7, 36, 'Leilani Ortiz', 'Nam quam nemo repellendus aut. Qui ipsum quibusdam ex ad est. Sed incidunt impedit officia dolorum id ut. Non et itaque fugiat labore qui quidem.', 4, '2018-07-17 05:28:21', '2018-07-17 05:28:21'),
(8, 3, 'Prof. Sydney Jerde', 'Sunt et expedita laboriosam temporibus quia quaerat. Quia iusto repudiandae excepturi quas. Adipisci sit veritatis et asperiores odit qui.', 0, '2018-07-17 05:28:21', '2018-07-17 05:28:21'),
(9, 11, 'Mr. Casimer Rowe DDS', 'Quibusdam ipsum libero tenetur quis ea accusantium veniam. Harum aut voluptas voluptatem rerum molestiae dicta. Et enim nostrum delectus est laborum earum. Est repellendus et aut reiciendis laborum eius aut. Quas nesciunt dolor provident minus id voluptas excepturi.', 2, '2018-07-17 05:28:21', '2018-07-17 05:28:21'),
(10, 47, 'Haskell Sporer', 'Consequatur vero quaerat architecto suscipit. Odit dicta non ducimus in quibusdam. Et et sit voluptas. Nobis labore veniam eius aut dicta omnis ut.', 5, '2018-07-17 05:28:21', '2018-07-17 05:28:21'),
(11, 1, 'Claudia Beahan', 'Possimus fuga repellat recusandae ipsa optio. Accusamus molestiae voluptatibus et enim optio sapiente. Perspiciatis itaque ea assumenda velit aliquid porro non magni. Praesentium debitis minus qui voluptas tempora voluptate non.', 5, '2018-07-17 05:28:21', '2018-07-17 05:28:21'),
(12, 3, 'Daron Jenkins', 'Ab temporibus et quis quia. Iure vel omnis non atque dolorum ut architecto. Voluptatem et unde eaque corrupti.', 4, '2018-07-17 05:28:21', '2018-07-17 05:28:21'),
(13, 23, 'Maya Conn', 'Officia eaque quaerat a recusandae quos reprehenderit sit. Inventore iure rem a. Molestiae voluptate qui occaecati nobis minus architecto. Et voluptas dolores aliquid doloremque id harum libero. Nisi neque ipsum accusantium qui possimus tenetur.', 0, '2018-07-17 05:28:21', '2018-07-17 05:28:21'),
(14, 21, 'Milo Kihn DDS', 'Accusantium possimus dolor alias id. Deleniti non et iusto corrupti. Assumenda molestiae quae voluptatum dolore adipisci. Eum repellendus qui assumenda et molestiae et est.', 2, '2018-07-17 05:28:21', '2018-07-17 05:28:21'),
(15, 36, 'Nathaniel Keeling', 'Est earum ut suscipit qui autem nemo. Labore consequatur omnis magni ullam optio possimus. Sit mollitia et quo dicta sed. Unde enim consectetur quis sint non hic quia.', 5, '2018-07-17 05:28:21', '2018-07-17 05:28:21'),
(16, 17, 'Lexi Stamm', 'Est cupiditate non iusto laborum. Pariatur ea non aut. Qui nobis rerum dicta. Est voluptatem ex quia.', 5, '2018-07-17 05:28:21', '2018-07-17 05:28:21'),
(17, 22, 'Carmel Ruecker', 'Et assumenda nemo odit corrupti consequuntur corporis. Qui libero et cupiditate possimus corrupti voluptatem repellat illo. Aut rerum magnam ut aut sunt consequatur et. Sint natus labore at alias earum optio.', 3, '2018-07-17 05:28:21', '2018-07-17 05:28:21'),
(18, 48, 'Tracy Bernier', 'Est ad dolorem esse ipsum. Aspernatur molestiae voluptatem amet id. Exercitationem sit facere amet ea esse consequuntur error.', 2, '2018-07-17 05:28:22', '2018-07-17 05:28:22'),
(19, 42, 'Carolanne Nitzsche', 'Vel nemo officiis adipisci aut. Iure id id quis. Quasi ut sit repellat a. Nostrum est illum voluptate qui aut aut magnam.', 4, '2018-07-17 05:28:22', '2018-07-17 05:28:22'),
(20, 24, 'Neha Stoltenberg', 'Vitae exercitationem tempora fugit perferendis officiis. Ut aperiam sit libero voluptas facilis.', 0, '2018-07-17 05:28:22', '2018-07-17 05:28:22'),
(21, 36, 'Murl Boehm', 'Dolorum officiis consectetur voluptas. Est quod consectetur tenetur sed. Sed a fuga dolorem.', 1, '2018-07-17 05:28:22', '2018-07-17 05:28:22'),
(22, 35, 'Rosetta Stark', 'Praesentium odio officia illo sit. Maxime corporis quae et voluptatibus. Qui ducimus quam iusto itaque sit. Sint magni aut consequuntur qui aspernatur et aperiam. Et quos consectetur provident iure vero omnis.', 1, '2018-07-17 05:28:22', '2018-07-17 05:28:22'),
(23, 29, 'Zion Pfannerstill MD', 'Exercitationem non itaque enim sit molestiae optio hic. Quis quisquam sed enim officiis. Quae necessitatibus nemo ullam tenetur est velit quae. Ea et debitis ad eos consequatur.', 1, '2018-07-17 05:28:22', '2018-07-17 05:28:22'),
(24, 35, 'Marlee Dare', 'Tempore ipsa labore aliquid aut doloremque eos aut. Quod harum soluta odio nesciunt. Hic delectus dolores nostrum neque sunt consequatur modi.', 2, '2018-07-17 05:28:22', '2018-07-17 05:28:22'),
(25, 23, 'Hudson Rowe', 'Placeat aut quidem in et qui sunt ipsum. Aliquid ea itaque aliquam vero rerum. Tenetur mollitia aut consequatur et in aut doloremque. Nihil modi animi repellendus aut voluptate optio tempora quia.', 1, '2018-07-17 05:28:22', '2018-07-17 05:28:22'),
(26, 7, 'Prof. Obie Crona', 'Commodi harum quia officiis nemo quos veritatis labore. Ut harum error placeat dolorum sapiente et et. Minus sequi qui et.', 2, '2018-07-17 05:28:22', '2018-07-17 05:28:22'),
(27, 9, 'Anastacio Grimes', 'Voluptatum et vel nesciunt illum ab molestiae natus. Soluta sunt numquam dolore cupiditate. Alias maiores quia facilis ut.', 0, '2018-07-17 05:28:22', '2018-07-17 05:28:22'),
(28, 18, 'Prof. Cloyd Sporer MD', 'Sapiente voluptatum ea illum sit ea. Inventore animi non praesentium eum esse. Accusantium tempore eum alias magni dolorem.', 1, '2018-07-17 05:28:22', '2018-07-17 05:28:22'),
(29, 23, 'Dr. Bart Ziemann Jr.', 'Non magnam culpa aperiam est odio est provident. Velit similique sit dolor sint placeat est ut. Ad corporis quae inventore repellat nam deleniti.', 5, '2018-07-17 05:28:22', '2018-07-17 05:28:22'),
(30, 27, 'Jennyfer Boyer', 'Dolor alias amet laboriosam ut in amet. In architecto debitis aut et minima.', 0, '2018-07-17 05:28:22', '2018-07-17 05:28:22'),
(31, 20, 'Marcella Sauer', 'Omnis cupiditate qui voluptas eos rem tempore molestiae. Ut optio aut quisquam ducimus reiciendis ea eaque. Architecto voluptatem hic et voluptas sit corporis expedita architecto.', 4, '2018-07-17 05:28:22', '2018-07-17 05:28:22'),
(32, 34, 'Alexandria McClure', 'Et est aut soluta saepe vel ut. Placeat maiores iusto voluptas et. Consequuntur pariatur accusamus qui ducimus necessitatibus sit molestias.', 4, '2018-07-17 05:28:22', '2018-07-17 05:28:22'),
(33, 43, 'Tate Homenick', 'Quibusdam repudiandae veritatis sit. Distinctio aut quasi in velit quas. Aperiam harum aut inventore nulla qui vero molestias qui.', 3, '2018-07-17 05:28:22', '2018-07-17 05:28:22'),
(34, 3, 'Mrs. Katlyn Greenholt II', 'Dicta inventore aut tenetur et qui dignissimos. Et hic consequatur soluta asperiores. Omnis perferendis itaque repellat et placeat veritatis. Exercitationem incidunt nulla exercitationem vel. In reprehenderit sit sed sapiente praesentium iste voluptas dolorem.', 0, '2018-07-17 05:28:22', '2018-07-17 05:28:22'),
(35, 23, 'Dr. Erin Will', 'Quis enim consequatur labore quisquam ut maiores non. Libero harum exercitationem et quaerat quo doloremque soluta. Reiciendis sit delectus ut ut sit.', 3, '2018-07-17 05:28:22', '2018-07-17 05:28:22'),
(36, 29, 'Bridget Senger', 'Placeat quisquam temporibus ad aliquid consequatur deleniti. Sed omnis ipsam perspiciatis. Culpa quos ducimus est.', 4, '2018-07-17 05:28:22', '2018-07-17 05:28:22'),
(37, 50, 'Jan Torphy', 'Consequuntur ipsam est laudantium tempora cumque maxime. Odio quaerat voluptas incidunt minima corrupti. Est sequi laudantium deleniti exercitationem. Repudiandae est quam voluptas quas beatae impedit sed mollitia.', 5, '2018-07-17 05:28:22', '2018-07-17 05:28:22'),
(38, 10, 'Prof. Otilia Donnelly IV', 'Aliquam quis ut quo autem quas possimus repellendus. Veritatis quia necessitatibus corrupti alias libero. Et vel eos dolore earum occaecati quo enim corrupti. Possimus in quae beatae blanditiis commodi et necessitatibus dignissimos.', 3, '2018-07-17 05:28:22', '2018-07-17 05:28:22'),
(39, 33, 'Kaden Hickle', 'Et qui molestiae recusandae expedita. Voluptas ut quos nemo. Odio id quidem rerum et labore voluptate distinctio non. Aut sapiente adipisci et excepturi et id et autem.', 1, '2018-07-17 05:28:22', '2018-07-17 05:28:22'),
(40, 23, 'Antonina Braun', 'Omnis debitis aliquam delectus velit enim. Culpa fuga doloremque eum consequatur delectus voluptatem. Iure placeat aut sunt voluptas odit. Est esse qui at et quo unde repellendus.', 1, '2018-07-17 05:28:22', '2018-07-17 05:28:22'),
(41, 4, 'Dr. Gaylord Stracke PhD', 'Tempore voluptatem qui suscipit sed nesciunt aut. Harum sunt nemo nobis et minima nobis ut. Inventore et sint soluta. Qui tempore enim quas rerum nesciunt ut neque.', 4, '2018-07-17 05:28:22', '2018-07-17 05:28:22'),
(42, 49, 'Teagan Lebsack', 'Voluptate deleniti at quisquam soluta. Magnam autem enim praesentium in. Repellendus officiis cumque maiores ut hic voluptatem ut. Nihil quas non aperiam eos dolorem dolores maiores.', 0, '2018-07-17 05:28:22', '2018-07-17 05:28:22'),
(43, 20, 'Trevor Weissnat', 'Sapiente facilis ullam veritatis repudiandae a perspiciatis. Explicabo enim harum placeat ducimus.', 0, '2018-07-17 05:28:22', '2018-07-17 05:28:22'),
(44, 32, 'Rudolph Reichert', 'Facere maxime voluptatem voluptatibus voluptas et. Aut et maiores dolorem vel. Et nisi debitis necessitatibus praesentium commodi.', 4, '2018-07-17 05:28:23', '2018-07-17 05:28:23'),
(45, 31, 'Mossie Jakubowski', 'Ex illum architecto blanditiis molestias aut. Animi incidunt et dolor autem illum voluptas.', 1, '2018-07-17 05:28:23', '2018-07-17 05:28:23'),
(46, 6, 'Alisha Emard', 'Natus est nam omnis neque. Perferendis delectus sunt accusamus reiciendis. Est fugit eum dolor eius. Numquam fugiat qui est minus magnam ut.', 4, '2018-07-17 05:28:23', '2018-07-17 05:28:23'),
(47, 17, 'Ms. Nyah Dicki', 'Ad non consequuntur mollitia neque. Et dicta perferendis nostrum. Consequatur qui ipsum cupiditate ullam voluptates quibusdam amet. At tempore architecto dolorum.', 4, '2018-07-17 05:28:23', '2018-07-17 05:28:23'),
(48, 49, 'Brady Cole', 'Eligendi aut aperiam possimus quam. Eius maxime et nulla et quisquam.', 2, '2018-07-17 05:28:23', '2018-07-17 05:28:23'),
(49, 42, 'Anahi Bailey', 'Porro est ut quam soluta. Ut quod ratione accusamus in velit nostrum. Est at facere ipsum animi repellat ea illum.', 3, '2018-07-17 05:28:23', '2018-07-17 05:28:23'),
(50, 27, 'Kayli Hettinger', 'Architecto dolorem exercitationem veritatis delectus. Non quidem ut aut ea sunt incidunt consequatur. Qui cupiditate sequi et quia maiores velit.', 5, '2018-07-17 05:28:23', '2018-07-17 05:28:23'),
(51, 25, 'Lenna Predovic', 'Est quidem omnis adipisci laborum id aspernatur. Asperiores est adipisci odio voluptatum in qui aut. Eum laboriosam recusandae mollitia qui. Eos dignissimos dolorum rem in accusamus.', 4, '2018-07-17 05:28:23', '2018-07-17 05:28:23'),
(52, 10, 'Akeem Auer', 'Sit voluptate voluptatibus similique rerum inventore. Dolorem et sit asperiores vel quo esse. Ipsa reprehenderit temporibus optio qui suscipit qui.', 3, '2018-07-17 05:28:23', '2018-07-17 05:28:23'),
(53, 43, 'Mr. Kennith Auer DVM', 'Labore corrupti delectus doloremque praesentium quia. Autem aliquam sunt eaque illo veniam.', 1, '2018-07-17 05:28:23', '2018-07-17 05:28:23'),
(54, 14, 'Rebecca Hand Sr.', 'Ullam sapiente neque quidem dolorum. Reprehenderit reprehenderit laborum praesentium. Maxime molestias fugit quo. Hic voluptatum vel aperiam omnis dolor eos.', 5, '2018-07-17 05:28:23', '2018-07-17 05:28:23'),
(55, 42, 'Dena Boehm', 'Quaerat perferendis sapiente et delectus autem et suscipit. Voluptatem porro nostrum non pariatur. Vitae dolore nobis consequatur et sit commodi non.', 2, '2018-07-17 05:28:23', '2018-07-17 05:28:23'),
(56, 9, 'Verner King', 'Porro ut expedita asperiores sit aut. Voluptatum voluptatem illum nemo est nulla maiores non. Sint blanditiis voluptatum minima iste. Ducimus velit voluptatem atque similique praesentium consequatur.', 4, '2018-07-17 05:28:23', '2018-07-17 05:28:23'),
(57, 26, 'Constantin Lehner', 'Tenetur sint voluptates voluptas sint deserunt architecto. Nisi ut aut ad odit expedita et sed. Pariatur ea id occaecati libero. Libero ut explicabo vitae dicta enim voluptas.', 1, '2018-07-17 05:28:23', '2018-07-17 05:28:23'),
(58, 38, 'Noe Schmitt', 'Sit incidunt ut aut ducimus. Laborum et qui sequi veniam voluptas cum rerum. Velit tempore asperiores reprehenderit itaque.', 1, '2018-07-17 05:28:23', '2018-07-17 05:28:23'),
(59, 8, 'Prof. Griffin Hintz', 'Non autem esse et nihil animi est. Voluptate eius ex iure perferendis odio occaecati consequatur officia. Id culpa eum vel dicta impedit nisi aliquid.', 0, '2018-07-17 05:28:23', '2018-07-17 05:28:23'),
(60, 37, 'Alexa Klocko', 'Aspernatur aut totam vel occaecati. Consectetur est soluta perferendis aut et. Aut vero odio libero eaque.', 4, '2018-07-17 05:28:23', '2018-07-17 05:28:23'),
(61, 30, 'Sabryna Boyle', 'Perferendis laborum tempora aperiam repudiandae praesentium vel. Illum dicta debitis quia commodi placeat sit ab. In dolore mollitia ad et maxime unde ea.', 2, '2018-07-17 05:28:23', '2018-07-17 05:28:23'),
(62, 47, 'Mireille Little V', 'Dignissimos temporibus et eum eos. Ut omnis consequatur sunt quae esse magnam nulla omnis.', 2, '2018-07-17 05:28:23', '2018-07-17 05:28:23'),
(63, 34, 'America Haag', 'Repellendus dolor officiis eum dignissimos culpa. Placeat dicta blanditiis veniam placeat dolor. Cumque et aperiam totam nemo quo odit labore. Voluptas tenetur consequatur vitae sit cupiditate accusamus doloribus.', 5, '2018-07-17 05:28:23', '2018-07-17 05:28:23'),
(64, 37, 'Dr. Federico Pouros', 'Est sint laudantium consectetur facilis suscipit. Aut sit sapiente odit dolorum autem quas. A nemo expedita quibusdam. Aut earum aut itaque soluta.', 3, '2018-07-17 05:28:23', '2018-07-17 05:28:23'),
(65, 33, 'Taurean Langworth', 'Explicabo atque rerum voluptas dignissimos. Porro harum ut harum voluptas sed quam. Est itaque magni aut voluptas et.', 0, '2018-07-17 05:28:23', '2018-07-17 05:28:23'),
(66, 44, 'Savanah Wolff', 'Atque et tempore aut voluptatem aliquid occaecati porro. Tempore ratione beatae veniam illo voluptatem. Alias et temporibus quasi totam aliquid fuga. Doloremque facilis qui dignissimos dolores.', 5, '2018-07-17 05:28:23', '2018-07-17 05:28:23'),
(67, 36, 'Mrs. Golda DuBuque', 'Et blanditiis doloremque vel omnis pariatur eum nemo. Dolorem et temporibus totam explicabo et.', 2, '2018-07-17 05:28:23', '2018-07-17 05:28:23'),
(68, 35, 'Kevon Reinger', 'Cumque sed voluptas ea. Ea eum ut optio reprehenderit rerum labore et magni. Sit molestiae necessitatibus harum perspiciatis dolorum ut optio.', 2, '2018-07-17 05:28:23', '2018-07-17 05:28:23'),
(69, 11, 'Johnson Carroll', 'Eum culpa blanditiis quis sapiente officiis. Est veniam aut nihil incidunt repellendus autem eveniet tenetur. Et quidem repellat eligendi saepe sit sunt. Et quia voluptatem sed eum.', 3, '2018-07-17 05:28:24', '2018-07-17 05:28:24'),
(70, 14, 'Prof. Nigel Gibson', 'In quia voluptates rerum consequatur praesentium earum placeat. Labore aliquam vel nam sequi omnis minus et. Quo quo deserunt in soluta aut.', 0, '2018-07-17 05:28:24', '2018-07-17 05:28:24'),
(71, 49, 'Lelia Bayer', 'Ipsum exercitationem voluptas molestiae dolorum ut. Accusantium quod odit perspiciatis saepe ut dolores. Eum iusto nesciunt odio et.', 5, '2018-07-17 05:28:24', '2018-07-17 05:28:24'),
(72, 31, 'Ellie Grady I', 'Sed ut non commodi officiis enim eos. Ut est ipsum cupiditate architecto necessitatibus non. Soluta omnis veritatis itaque eos.', 4, '2018-07-17 05:28:24', '2018-07-17 05:28:24'),
(73, 17, 'Jan Bode', 'Repellendus quia doloribus sit reiciendis reprehenderit aspernatur est nisi. Sequi sed id veritatis modi tempora. Ipsam earum magnam hic facere.', 3, '2018-07-17 05:28:24', '2018-07-17 05:28:24'),
(74, 8, 'Pamela Collier', 'Distinctio et minima quos minus esse. Nobis est reprehenderit qui debitis et ratione. Nihil quos iste et cupiditate qui velit. Eum sit eos officiis et.', 0, '2018-07-17 05:28:24', '2018-07-17 05:28:24'),
(75, 18, 'Orlando Labadie III', 'Laborum vel enim ullam laudantium. Aut unde quia et atque quis pariatur maiores. Quis ipsam porro in adipisci et quo et repellendus. Laboriosam rerum enim quos totam aspernatur debitis qui.', 1, '2018-07-17 05:28:24', '2018-07-17 05:28:24'),
(76, 49, 'Aidan Labadie', 'Dolor est sed qui tempore saepe quidem. Sed dolorem eligendi sed placeat.', 4, '2018-07-17 05:28:24', '2018-07-17 05:28:24'),
(77, 34, 'Dr. Bulah Bradtke II', 'Pariatur enim et mollitia. Consequatur qui ab unde aperiam enim necessitatibus et unde. Veniam nostrum consequatur voluptatem et ut odio.', 2, '2018-07-17 05:28:24', '2018-07-17 05:28:24'),
(78, 14, 'Shaniya McKenzie', 'Et ut tempora fuga rem placeat. Explicabo cumque fuga in. Vel ut laboriosam exercitationem et ut recusandae.', 4, '2018-07-17 05:28:24', '2018-07-17 05:28:24'),
(79, 2, 'Baylee Metz MD', 'Dolore ea ipsum temporibus doloribus doloremque ut. Architecto voluptas pariatur similique aliquam. Voluptates ipsam incidunt autem eveniet. Ut fugit illo similique veritatis ut fuga.', 5, '2018-07-17 05:28:24', '2018-07-17 05:28:24'),
(80, 8, 'Eva Schowalter', 'Voluptas sed eum id veniam dignissimos voluptatum inventore. Veritatis porro autem quo. Modi saepe vel eligendi molestiae nostrum corporis. Ullam officiis harum vitae quis.', 1, '2018-07-17 05:28:24', '2018-07-17 05:28:24'),
(81, 14, 'Amir West Sr.', 'Tenetur nulla adipisci illo ullam facere. Necessitatibus perspiciatis voluptatibus ex provident nesciunt sit occaecati est. Sed laudantium corrupti voluptatem ut. Ex eligendi deleniti necessitatibus ut.', 5, '2018-07-17 05:28:24', '2018-07-17 05:28:24'),
(82, 31, 'Dr. Clovis Emard', 'Numquam neque natus voluptatem occaecati cumque rerum eos laborum. Recusandae quos delectus consequatur eum et dolor pariatur. Voluptas et debitis corrupti consequatur animi est. Doloremque nihil maiores accusamus tenetur quia quidem. Enim quia autem omnis sunt et.', 4, '2018-07-17 05:28:24', '2018-07-17 05:28:24'),
(83, 24, 'Luz Stiedemann', 'Error amet modi sit. Ad ea accusantium qui quaerat et et. Omnis fugit maxime molestiae iure qui.', 2, '2018-07-17 05:28:24', '2018-07-17 05:28:24'),
(84, 41, 'Webster Nienow', 'Placeat nesciunt ut culpa ad est qui. Sit eaque mollitia veritatis. Deserunt et necessitatibus sed officiis quisquam.', 0, '2018-07-17 05:28:24', '2018-07-17 05:28:24'),
(85, 23, 'Prof. Guillermo Champlin V', 'Aut quasi incidunt quidem molestiae nulla optio molestiae quis. Ipsam reprehenderit non in est dolor enim. Repudiandae laborum ipsa voluptas. Sed alias sunt eius est nam.', 3, '2018-07-17 05:28:24', '2018-07-17 05:28:24'),
(86, 25, 'Hulda Walter', 'Possimus non consequatur quae qui sed nulla veritatis illo. Maiores officiis et non non consequuntur quas quia. Voluptas aspernatur dignissimos itaque similique omnis.', 3, '2018-07-17 05:28:24', '2018-07-17 05:28:24'),
(87, 14, 'Benton Rempel I', 'Et sed odio deserunt et. Ipsam molestiae tempore repellendus ea facere sequi voluptas. Quod labore eum excepturi aut sunt vel ut. Quidem facere sapiente eius deleniti id saepe nihil. Nihil sunt vitae hic error adipisci.', 1, '2018-07-17 05:28:24', '2018-07-17 05:28:24'),
(88, 20, 'Easton Gerhold', 'Temporibus culpa minus quam et rerum sed. Dolorem et voluptate occaecati laboriosam pariatur quia. Sunt architecto et quasi corrupti ducimus. Dolorem alias sit earum consequatur est repellendus et.', 4, '2018-07-17 05:28:24', '2018-07-17 05:28:24'),
(89, 36, 'Valerie Smitham DDS', 'Incidunt aut soluta in pariatur dolorem hic illo. Eligendi aut sed est laborum neque necessitatibus. Ab omnis consectetur delectus explicabo consequatur earum qui.', 5, '2018-07-17 05:28:24', '2018-07-17 05:28:24'),
(90, 45, 'Vivianne Bergstrom I', 'Et voluptate voluptate aut sit. Et qui est aut voluptas adipisci mollitia. Qui ab possimus blanditiis deserunt nihil ea tenetur cumque. Aut in a quibusdam sint.', 4, '2018-07-17 05:28:24', '2018-07-17 05:28:24'),
(91, 12, 'Nyasia Zulauf', 'Necessitatibus sunt quo rerum officia maiores recusandae dolore. Porro vel libero et voluptas illo sunt. Soluta voluptatem voluptatem beatae tempora ipsa reiciendis.', 3, '2018-07-17 05:28:24', '2018-07-17 05:28:24'),
(92, 25, 'Joey Jacobson PhD', 'Voluptatem ipsam qui aliquam eius optio minima. Deleniti et praesentium necessitatibus rerum laudantium.', 0, '2018-07-17 05:28:24', '2018-07-17 05:28:24'),
(93, 5, 'Ahmad Towne', 'Aut eum ut id animi incidunt sit quis non. Earum consequatur sapiente harum vel deserunt. Facilis quos nemo est provident.', 2, '2018-07-17 05:28:24', '2018-07-17 05:28:24'),
(94, 3, 'Dr. Emerson Satterfield', 'Magni placeat ea qui voluptate. Ipsam assumenda non dolorem vel harum tempore. Consequuntur sed quidem beatae perspiciatis molestiae et. Nisi et vitae occaecati.', 0, '2018-07-17 05:28:25', '2018-07-17 05:28:25'),
(95, 25, 'Doyle Sauer', 'Vero perferendis nobis voluptatibus rem quia cupiditate. Dignissimos tenetur impedit sit rem nisi. Qui enim et odit veritatis doloribus numquam voluptatibus. Dolores excepturi rerum dolores adipisci qui aut et.', 4, '2018-07-17 05:28:25', '2018-07-17 05:28:25'),
(96, 16, 'Mr. Jesse Wunsch DVM', 'Dolor molestias qui commodi quia. Consequatur eos veniam asperiores impedit labore cumque. Est molestiae est rerum et. Exercitationem et reprehenderit rerum quo fugiat.', 3, '2018-07-17 05:28:25', '2018-07-17 05:28:25'),
(97, 22, 'Leo Satterfield', 'Qui qui voluptatum minima in. Magni veniam quis aspernatur quaerat soluta quia quam aperiam. Itaque magnam sunt incidunt ex vero libero.', 1, '2018-07-17 05:28:25', '2018-07-17 05:28:25'),
(98, 16, 'Alysson Bailey', 'Quae ea ex rerum et et quis ratione. Quia rem ut exercitationem non et non corporis laboriosam. Molestiae quia sit modi sapiente velit quia sed tempora. Officiis molestiae molestias exercitationem. Dolore autem ea sit expedita fuga nostrum non.', 1, '2018-07-17 05:28:25', '2018-07-17 05:28:25'),
(99, 36, 'Al Ruecker', 'Aut exercitationem itaque eos dolorem nihil eaque doloribus voluptatem. Illum soluta aut dolorem veniam deserunt et. Vitae quisquam aut perspiciatis et nihil ratione ducimus. Voluptatum adipisci velit quae nesciunt et eveniet.', 1, '2018-07-17 05:28:25', '2018-07-17 05:28:25'),
(100, 28, 'Prof. Jayne Goyette DVM', 'Et nostrum libero quas dolor non itaque aspernatur. Eum molestiae sed earum. Delectus veritatis aut praesentium velit inventore fugit sequi laudantium. Dolores sed laboriosam est sunt.', 1, '2018-07-17 05:28:25', '2018-07-17 05:28:25'),
(101, 2, 'Camron Harber V', 'Blanditiis rerum perspiciatis reprehenderit at. Assumenda mollitia temporibus repellendus molestiae corrupti consequatur. Illum sit veniam voluptate explicabo corporis dolores reprehenderit.', 1, '2018-07-17 05:28:25', '2018-07-17 05:28:25'),
(102, 16, 'Prof. Laney Green Sr.', 'Consequatur dolores hic inventore et odit nemo provident. Totam numquam quaerat assumenda provident est consequuntur. Reiciendis qui et voluptate nesciunt expedita est.', 5, '2018-07-17 05:28:25', '2018-07-17 05:28:25'),
(103, 19, 'Modesto Erdman', 'Iure natus dolore laborum quas. Itaque eius eius et vel quo eos. Ducimus perspiciatis iste molestiae optio voluptatem.', 3, '2018-07-17 05:28:25', '2018-07-17 05:28:25'),
(104, 47, 'Bo Schowalter Sr.', 'Rem debitis rerum aspernatur voluptatum qui id culpa. At perspiciatis unde dolore.', 0, '2018-07-17 05:28:25', '2018-07-17 05:28:25'),
(105, 34, 'Adrain Torp Sr.', 'Molestiae in id in dolorem maxime. Labore non et enim explicabo culpa quo ex. Totam assumenda voluptas dolore ad. Eaque vel perferendis voluptatem unde ratione tempora.', 4, '2018-07-17 05:28:25', '2018-07-17 05:28:25'),
(106, 24, 'Mr. Eloy Batz', 'Qui magni sit aut itaque dolor. Aut voluptatem expedita recusandae veritatis perspiciatis voluptatem dignissimos. Debitis maiores perspiciatis ratione corrupti accusamus qui est.', 1, '2018-07-17 05:28:25', '2018-07-17 05:28:25'),
(107, 6, 'Torrey O\'Reilly', 'Aut sed quis iusto omnis consequatur eius amet. Quis quia maxime hic. Mollitia exercitationem et eligendi occaecati. In et dolores quaerat at rerum nostrum et.', 1, '2018-07-17 05:28:25', '2018-07-17 05:28:25'),
(108, 28, 'Linnea Runte', 'Voluptas ad omnis similique magni excepturi inventore laboriosam quia. Qui qui ea sed enim nihil velit reiciendis tempora. Inventore quod reiciendis dolores velit temporibus. Maxime deserunt quaerat iusto laborum ut.', 5, '2018-07-17 05:28:25', '2018-07-17 05:28:25'),
(109, 36, 'Leora Denesik', 'Omnis voluptates vero et aspernatur rerum deserunt. Iure libero rerum perferendis impedit sunt vel.', 0, '2018-07-17 05:28:25', '2018-07-17 05:28:25'),
(110, 3, 'Kenyon Kohler', 'Eligendi unde in accusamus rerum expedita facere vitae. Autem esse perferendis ut accusantium possimus ut voluptas. Neque ut repellat possimus aliquid et aut ducimus facere.', 0, '2018-07-17 05:28:25', '2018-07-17 05:28:25'),
(111, 18, 'Garnet Greenfelder DDS', 'Quo eius et eaque magni. Doloremque consequatur asperiores voluptatem doloribus facilis molestiae perspiciatis. Sunt doloremque voluptatem sint. At non et qui et ex.', 0, '2018-07-17 05:28:25', '2018-07-17 05:28:25'),
(112, 8, 'Roma Skiles III', 'Nihil veniam quisquam molestiae deleniti voluptatibus eos. Id et facilis harum qui rerum officiis reiciendis. Commodi quis et perspiciatis adipisci dolores veritatis. Deleniti laborum dolor vel quo voluptas reprehenderit quis.', 0, '2018-07-17 05:28:25', '2018-07-17 05:28:25'),
(113, 1, 'Catharine Kohler', 'Consequatur asperiores soluta quam debitis quidem aspernatur. Commodi cupiditate facere in et minus praesentium id quos. Vel quis quidem possimus similique quam eaque voluptatem.', 2, '2018-07-17 05:28:25', '2018-07-17 05:28:25'),
(114, 20, 'Jackie Rowe II', 'Corporis et quod assumenda molestiae molestiae veniam. Suscipit ut tempore ut unde in omnis aut sed. Distinctio ratione at non aperiam quas.', 2, '2018-07-17 05:28:25', '2018-07-17 05:28:25'),
(115, 27, 'Joany Dooley', 'Ea saepe id quo suscipit. Est alias officiis et nisi. Eaque ratione eius natus voluptatem dicta et mollitia.', 1, '2018-07-17 05:28:25', '2018-07-17 05:28:25'),
(116, 9, 'Dr. Melba McCullough', 'Eos ut et quis dolorem vero. Quae magni in quos ad et eos necessitatibus. Nobis ratione velit voluptatum aut recusandae.', 5, '2018-07-17 05:28:25', '2018-07-17 05:28:25'),
(117, 39, 'Jaiden Waelchi', 'Corrupti et quidem iusto porro. Amet quisquam iusto est enim quas. Maiores eum qui et accusamus. Ratione modi in quae maxime laborum similique harum.', 0, '2018-07-17 05:28:25', '2018-07-17 05:28:25'),
(118, 8, 'Dr. Skylar Hauck DDS', 'Numquam doloremque harum optio ducimus maxime ullam tenetur. Amet et voluptates rerum et qui quia tenetur sint. Officiis non optio neque. Laboriosam hic veritatis sint et.', 5, '2018-07-17 05:28:25', '2018-07-17 05:28:25'),
(119, 40, 'Prof. Abigail Cruickshank II', 'Sapiente ea ad animi ea. Repellat vel repellendus labore. Reprehenderit suscipit et laborum sunt harum odio.', 4, '2018-07-17 05:28:25', '2018-07-17 05:28:25'),
(120, 27, 'Odessa Von', 'Quaerat atque quod delectus ex. Est ipsam molestiae aliquam. Porro quia ipsum natus omnis.', 5, '2018-07-17 05:28:25', '2018-07-17 05:28:25'),
(121, 28, 'Dortha Jones', 'Eligendi nostrum eos excepturi velit consequatur est. Illo et est molestiae tenetur est. Eaque animi libero corporis voluptate sunt labore.', 0, '2018-07-17 05:28:25', '2018-07-17 05:28:25'),
(122, 26, 'Hattie D\'Amore I', 'Modi magnam aut quaerat ad cumque. Cumque consectetur amet quasi ratione cupiditate.', 2, '2018-07-17 05:28:25', '2018-07-17 05:28:25'),
(123, 47, 'Daniela Bartoletti DVM', 'Et est velit voluptate nemo rem. Ut perspiciatis sunt laudantium voluptatem et aut. Id voluptate omnis eum et laborum exercitationem.', 2, '2018-07-17 05:28:25', '2018-07-17 05:28:25'),
(124, 38, 'Damaris Bednar', 'Officia reiciendis architecto architecto et. Neque non nobis modi blanditiis. Expedita ipsa autem quas commodi.', 4, '2018-07-17 05:28:26', '2018-07-17 05:28:26'),
(125, 13, 'Asia Hickle', 'Magnam quia iure nisi omnis. Similique sunt et sint dolores cupiditate. Provident magni sunt enim corrupti sapiente et. Omnis provident et porro amet enim tempora dolorum. A minus iusto hic saepe.', 0, '2018-07-17 05:28:26', '2018-07-17 05:28:26'),
(126, 20, 'Camille Kshlerin V', 'Corporis qui hic consequatur non rerum. Quo deserunt nostrum tempore voluptatem. Repellendus dolorum odio commodi quia.', 2, '2018-07-17 05:28:26', '2018-07-17 05:28:26'),
(127, 21, 'Kaden Pouros', 'Velit provident enim aperiam error ad ea. Qui natus ullam ut.', 2, '2018-07-17 05:28:26', '2018-07-17 05:28:26'),
(128, 50, 'Chasity Pfannerstill DDS', 'Temporibus mollitia autem voluptates est quasi. Quibusdam dolor asperiores qui accusamus. Sed harum et deserunt et tempora voluptatem. Non beatae aut ipsa odio numquam.', 5, '2018-07-17 05:28:26', '2018-07-17 05:28:26'),
(129, 25, 'Prof. Eliseo Dibbert Sr.', 'Exercitationem et ex hic cumque recusandae. Nesciunt ut quas enim accusamus soluta aliquid. Fuga sit quasi accusamus provident laudantium voluptatibus molestias asperiores.', 5, '2018-07-17 05:28:26', '2018-07-17 05:28:26'),
(130, 3, 'Laurence Schoen II', 'Molestiae ipsum debitis qui dolorum repellendus ipsum molestias. Dolor facere possimus nihil ipsa. Molestiae autem repellendus repellendus dignissimos. Inventore voluptatem esse esse non nulla velit.', 5, '2018-07-17 05:28:26', '2018-07-17 05:28:26'),
(131, 46, 'Prof. Edward Wintheiser', 'Ut voluptatem aut eum quibusdam. Non ipsa occaecati ipsa qui nostrum. Quam voluptatibus quod quis debitis quo.', 5, '2018-07-17 05:28:26', '2018-07-17 05:28:26'),
(132, 4, 'Marques Upton I', 'Rerum possimus dolores odio non sed dolore. Quam dicta qui quasi voluptas sit. Sequi doloribus maxime velit est reiciendis.', 0, '2018-07-17 05:28:26', '2018-07-17 05:28:26'),
(133, 50, 'Destin Von', 'Repellat iste eius rerum quae quam. Molestiae unde in cupiditate asperiores. Minima molestiae blanditiis et a.', 1, '2018-07-17 05:28:26', '2018-07-17 05:28:26'),
(134, 22, 'Daniella Frami', 'At molestiae sapiente veritatis accusantium ipsum dolorem explicabo repudiandae. Aut sunt ipsum et praesentium sunt nam nam. Eveniet nulla blanditiis quia quia optio in repellat. Deserunt odit error fuga rerum omnis quidem. Ut est officiis assumenda ut perspiciatis nostrum.', 5, '2018-07-17 05:28:26', '2018-07-17 05:28:26'),
(135, 25, 'Dr. Elian Halvorson', 'Necessitatibus vel quo quae ipsa sint assumenda. Rerum delectus quis atque explicabo sed illo. Natus consequatur ea perferendis quaerat repellat enim. Odio dolores sit temporibus est facilis.', 0, '2018-07-17 05:28:26', '2018-07-17 05:28:26'),
(136, 18, 'Estrella Kunze', 'Temporibus sunt doloribus et et suscipit odit quos. Omnis eveniet ad neque ut. Dolorem saepe exercitationem magnam consequatur sunt.', 4, '2018-07-17 05:28:26', '2018-07-17 05:28:26'),
(137, 34, 'Dr. Emilie Cruickshank', 'Aut vel autem quam. Sed est eaque eos ipsum nobis. Est autem alias totam cupiditate voluptatem libero deleniti.', 1, '2018-07-17 05:28:26', '2018-07-17 05:28:26'),
(138, 50, 'Mrs. Savannah Tromp DVM', 'Quo possimus voluptas aspernatur sunt molestiae. Consequatur dolorum suscipit officiis earum. Est et blanditiis ducimus voluptatem est eum.', 4, '2018-07-17 05:28:26', '2018-07-17 05:28:26'),
(139, 49, 'Abagail Harris', 'Libero sint quasi ut laborum. Ut magni facilis facilis tempore voluptatem accusamus odit. Et voluptas aut nihil et nulla incidunt nam.', 0, '2018-07-17 05:28:26', '2018-07-17 05:28:26'),
(140, 9, 'Jackie Spencer V', 'Enim illum fuga sed modi ab. Illo ex optio non. Officiis et qui unde similique voluptatibus ex ut. Et earum laborum qui illum.', 0, '2018-07-17 05:28:26', '2018-07-17 05:28:26'),
(141, 21, 'Prof. Eryn Towne DDS', 'In sapiente voluptatem veniam delectus repudiandae. Et velit et consequatur delectus illo provident beatae qui. Optio vitae voluptates voluptatem. Sed ducimus quibusdam molestiae laboriosam cupiditate.', 0, '2018-07-17 05:28:26', '2018-07-17 05:28:26'),
(142, 3, 'Kristoffer Abshire', 'Quis et vitae delectus quaerat dolorum. In ex tenetur rerum inventore fuga doloribus dignissimos. Reiciendis aut modi alias molestiae. Debitis ut odit aut quia soluta modi eligendi. Molestiae optio veniam porro sed laboriosam iste suscipit.', 4, '2018-07-17 05:28:26', '2018-07-17 05:28:26'),
(143, 12, 'Vivienne Kuhn', 'Non dolores quo enim voluptatem. Ullam modi explicabo voluptates expedita qui fuga. Accusantium rerum aliquam ratione vitae ut. Debitis quia consequatur nesciunt quo iusto saepe.', 1, '2018-07-17 05:28:26', '2018-07-17 05:28:26'),
(144, 19, 'Henderson Ledner', 'Officiis et sunt aut ut dolorum. Iusto perspiciatis eius cupiditate enim omnis. Non aut fuga occaecati debitis. Omnis rerum rem quas aliquid officia.', 0, '2018-07-17 05:28:26', '2018-07-17 05:28:26'),
(145, 9, 'Susanna Kris', 'Impedit laborum voluptate ipsam nihil. Earum aut omnis ad et enim. In voluptatibus quidem error exercitationem cumque delectus totam.', 1, '2018-07-17 05:28:26', '2018-07-17 05:28:26'),
(146, 34, 'Cicero Hauck', 'Porro saepe cupiditate deleniti velit quia itaque. Quo id aut eaque earum dolores asperiores culpa. Eum pariatur distinctio aliquid eaque aspernatur sunt. Voluptatem fuga molestias quos soluta ipsum.', 1, '2018-07-17 05:28:26', '2018-07-17 05:28:26'),
(147, 1, 'Sean Toy', 'Excepturi sint expedita sint mollitia voluptas beatae et similique. Nostrum necessitatibus eum autem dolor vero. Omnis sit culpa sunt maxime voluptatem quia. Doloremque facere vitae ipsam nihil.', 0, '2018-07-17 05:28:26', '2018-07-17 05:28:26'),
(148, 14, 'Leo Wehner', 'Rerum tenetur sint non atque autem assumenda. Ut quod est id voluptatibus ut. Soluta labore enim fuga asperiores eveniet sint. Voluptates veritatis neque debitis delectus corporis quibusdam ea velit.', 3, '2018-07-17 05:28:26', '2018-07-17 05:28:26'),
(149, 25, 'Cassandre Jenkins', 'Voluptatem id error animi deleniti ad repellat. Aut aut nihil dolores nemo. Consequatur nisi dolorum facilis dolorum ducimus totam neque quos. Consequatur asperiores reiciendis cum cumque vitae deserunt laborum.', 5, '2018-07-17 05:28:26', '2018-07-17 05:28:26'),
(150, 9, 'Weston Zboncak', 'Ut non odit sit qui iste temporibus laudantium. Quaerat quia repudiandae eveniet. Explicabo animi aut enim et et dolor.', 5, '2018-07-17 05:28:26', '2018-07-17 05:28:26'),
(151, 4, 'Letitia Yundt', 'Nostrum dolores fugiat excepturi minima. Sint natus rem non porro consequatur odit explicabo minus. Consequatur modi assumenda et porro nihil nihil consequatur.', 3, '2018-07-17 05:28:26', '2018-07-17 05:28:26'),
(152, 36, 'Torey Eichmann Sr.', 'Quo consequatur accusamus nemo a quos asperiores sed. Magnam ipsa sunt veniam omnis. Eum fugiat id vel ut incidunt corrupti perspiciatis.', 1, '2018-07-17 05:28:27', '2018-07-17 05:28:27'),
(153, 33, 'Martina Williamson', 'Eligendi officiis sequi excepturi ut. Maiores repellat hic sit alias facere. Labore cupiditate pariatur libero. Quis sed vitae eos aut.', 3, '2018-07-17 05:28:27', '2018-07-17 05:28:27'),
(154, 21, 'Georgianna Connelly', 'Sequi qui inventore quidem ut. Placeat qui quia ut est culpa. Odit iste autem sunt quo ut neque. Accusamus non est rerum ad non.', 2, '2018-07-17 05:28:27', '2018-07-17 05:28:27'),
(155, 1, 'Leland Marks', 'Veniam maiores similique est quas hic quis quisquam. Et ipsum tempora doloremque id non. Rerum iusto qui sed aut incidunt. Distinctio est amet accusamus quisquam.', 5, '2018-07-17 05:28:27', '2018-07-17 05:28:27'),
(156, 38, 'Johann Botsford', 'Distinctio aut velit tenetur ab aut id velit. Vero voluptas temporibus in quia ad voluptatem. Reprehenderit repellat perspiciatis ut. Eos labore culpa optio voluptates accusantium.', 1, '2018-07-17 05:28:27', '2018-07-17 05:28:27'),
(157, 11, 'Kennedy Ledner', 'Ut ipsam a deserunt in molestiae. Aut sit iusto voluptate mollitia consequatur. Occaecati voluptatem consequatur illo deserunt. Corrupti aperiam necessitatibus reprehenderit necessitatibus architecto aut. Ut aliquam et amet et provident tempora sunt.', 0, '2018-07-17 05:28:27', '2018-07-17 05:28:27'),
(158, 33, 'Javonte Rowe', 'Modi ut inventore ut asperiores voluptatibus. Dicta minus assumenda est fugiat alias. Alias qui et ab iusto. Vel velit deserunt placeat voluptates tempore laudantium repellat dolor. At sed enim aliquam doloremque modi.', 4, '2018-07-17 05:28:27', '2018-07-17 05:28:27'),
(159, 1, 'Russel Davis', 'Et eaque cupiditate animi ut. Nam aliquam sed occaecati est aut provident explicabo. Natus odit ut et exercitationem. Provident quasi architecto illum ducimus dolores at. Consequatur illo in porro sit odio maiores accusamus.', 5, '2018-07-17 05:28:27', '2018-07-17 05:28:27'),
(160, 17, 'Jaylin Erdman', 'Repudiandae illo dicta laudantium ex qui qui. Quaerat molestiae veritatis explicabo. Quos sit vitae doloribus rerum odit et earum. Unde illum illum enim excepturi ad voluptas. Similique aperiam in consequuntur.', 5, '2018-07-17 05:28:27', '2018-07-17 05:28:27'),
(161, 46, 'Bianka Kutch', 'Omnis accusamus voluptatem ratione et provident optio. Quam commodi harum veritatis veniam. Tenetur omnis commodi libero.', 3, '2018-07-17 05:28:27', '2018-07-17 05:28:27'),
(162, 18, 'Gilda Schumm', 'Ut voluptate dignissimos et. Ea consequatur quasi modi tenetur et nesciunt in provident. In placeat cumque non nulla necessitatibus. Dolor facilis nihil id aut aspernatur dolorem.', 0, '2018-07-17 05:28:27', '2018-07-17 05:28:27'),
(163, 20, 'Hillard Reichel', 'Possimus voluptas nihil odit architecto dolor doloribus. Quibusdam in voluptatum amet nisi. Voluptas sunt aut iure sit incidunt in sed.', 2, '2018-07-17 05:28:27', '2018-07-17 05:28:27'),
(164, 22, 'Karianne Kovacek', 'Soluta nihil eligendi nemo et. Illum occaecati quo vel vel omnis et.', 5, '2018-07-17 05:28:27', '2018-07-17 05:28:27'),
(165, 41, 'Ellie Dooley', 'Neque et alias cupiditate voluptatum quis. Explicabo molestias a vel alias voluptas. Quaerat aut aut rerum vero aliquid.', 0, '2018-07-17 05:28:27', '2018-07-17 05:28:27'),
(166, 27, 'Alisha Heller', 'Porro modi enim distinctio eveniet. In optio quidem optio et est qui et ipsam.', 2, '2018-07-17 05:28:27', '2018-07-17 05:28:27'),
(167, 24, 'Lafayette Kshlerin II', 'Incidunt qui quaerat sint at aperiam harum et. Magni voluptate exercitationem voluptatibus rerum dignissimos placeat ad necessitatibus. Optio est officiis occaecati ut nobis.', 3, '2018-07-17 05:28:27', '2018-07-17 05:28:27'),
(168, 37, 'Kameron Parker DDS', 'Saepe voluptates dolorem aut sunt. Ut labore tempore deleniti numquam et harum consequuntur.', 0, '2018-07-17 05:28:27', '2018-07-17 05:28:27'),
(169, 33, 'Prof. River Graham', 'Eius rerum fugit illum qui quia itaque quae. Culpa accusamus explicabo voluptas iure.', 5, '2018-07-17 05:28:27', '2018-07-17 05:28:27'),
(170, 38, 'Alphonso Flatley', 'Debitis dolor itaque culpa quidem. Rerum et eveniet neque animi. Excepturi quos quasi illo dolorum asperiores.', 3, '2018-07-17 05:28:27', '2018-07-17 05:28:27'),
(171, 20, 'Travon Pollich', 'Blanditiis occaecati possimus aliquid asperiores quia id. Quia expedita repudiandae aliquam corrupti dolores. Rerum est ipsum quis itaque. Libero harum officiis eum.', 4, '2018-07-17 05:28:27', '2018-07-17 05:28:27'),
(172, 30, 'Miss Eulalia Bednar Sr.', 'Cumque officiis nemo non cum voluptatibus. Ipsam est quae repellat dicta sed.', 0, '2018-07-17 05:28:27', '2018-07-17 05:28:27'),
(173, 43, 'Angela Toy', 'Sit molestiae sed asperiores eaque. Rem placeat earum nulla magnam quae magnam eveniet eum. Qui facere ducimus et sed quia laborum.', 4, '2018-07-17 05:28:27', '2018-07-17 05:28:27'),
(174, 32, 'Mr. Rory Lebsack Sr.', 'Mollitia eveniet vel provident voluptatem eos. Illum et quo est optio rerum aut. Aut amet sit aut ex et architecto consequatur. Debitis quas magni dolor omnis.', 3, '2018-07-17 05:28:27', '2018-07-17 05:28:27'),
(175, 10, 'Janick Rice', 'Non ipsam fugit non magnam voluptas in. Culpa nostrum ullam est ut quisquam voluptas. Quia nobis accusantium consequatur et ut quis.', 5, '2018-07-17 05:28:27', '2018-07-17 05:28:27'),
(176, 14, 'Floyd Rau', 'Quo placeat fugit vel quia esse non. Alias itaque fugit voluptates. Voluptatibus quia id suscipit eos.', 2, '2018-07-17 05:28:27', '2018-07-17 05:28:27'),
(177, 25, 'Reina Bruen', 'Consequuntur quidem et recusandae fuga sed. Quia in voluptatem natus placeat recusandae at. Eos omnis ratione saepe voluptas molestiae odit est corporis.', 0, '2018-07-17 05:28:27', '2018-07-17 05:28:27'),
(178, 49, 'Ms. Jaqueline Carroll DDS', 'Quasi itaque perspiciatis perspiciatis dolores architecto odio. Consequatur et sed asperiores eum. Quo ut dolores neque.', 2, '2018-07-17 05:28:27', '2018-07-17 05:28:27'),
(179, 6, 'Mrs. Harmony Haley', 'Beatae doloremque consequatur nemo molestias. Ipsum mollitia consequuntur aut adipisci. Explicabo odio omnis ipsa. Excepturi molestias fugit dolorem vitae.', 0, '2018-07-17 05:28:27', '2018-07-17 05:28:27'),
(180, 12, 'Prof. Austen Jacobs PhD', 'Et at quia cupiditate minima odit sed consequatur. Assumenda soluta ea quos eum in at vel eius. Quae ut illum voluptate sint earum. Sed quidem modi qui ad rerum quam quia distinctio.', 2, '2018-07-17 05:28:28', '2018-07-17 05:28:28'),
(181, 13, 'Mr. Carroll Swift', 'Quas et amet dolores voluptatum ut blanditiis eum autem. Ducimus recusandae nobis quam sed. Mollitia et amet magni nisi ab harum autem. Aperiam accusamus eum in incidunt.', 2, '2018-07-17 05:28:28', '2018-07-17 05:28:28'),
(182, 27, 'Mr. Gabriel Stehr', 'Molestiae autem voluptatem dolor nisi ea velit. Repellat inventore consequuntur aut. Cupiditate et expedita mollitia molestias repellat illum fugiat.', 5, '2018-07-17 05:28:28', '2018-07-17 05:28:28'),
(183, 13, 'Minerva Schneider', 'Veritatis id ut consequatur numquam doloribus qui. Omnis cumque consequatur sunt sit repudiandae. Nihil et aut enim quas. Sapiente et officiis ipsa officiis qui. Assumenda minima optio delectus aut.', 1, '2018-07-17 05:28:28', '2018-07-17 05:28:28'),
(184, 11, 'Eula Mayer', 'Fugiat ut quaerat architecto laudantium quas. Quisquam dignissimos asperiores architecto necessitatibus placeat maxime earum. Soluta explicabo magni id magni tempore cum. Voluptatem quasi ut repudiandae expedita voluptatibus excepturi ipsam.', 4, '2018-07-17 05:28:28', '2018-07-17 05:28:28'),
(185, 30, 'Mr. Kody Jenkins', 'Et ut quia temporibus dolores. Itaque adipisci quas cupiditate a repellat. Ipsa labore optio ut eum. Voluptate ratione ipsa assumenda voluptas voluptatum omnis.', 2, '2018-07-17 05:28:28', '2018-07-17 05:28:28'),
(186, 44, 'Miss Delilah Davis DVM', 'Nesciunt vero aut soluta pariatur error. Adipisci deserunt a harum accusantium rerum odit assumenda ab. Et ullam id dignissimos nobis.', 3, '2018-07-17 05:28:28', '2018-07-17 05:28:28'),
(187, 24, 'Shania Howe', 'Aut ea eligendi quo cum mollitia. Sunt sint facilis quod aut officia repellendus. Non ut omnis et eius esse.', 3, '2018-07-17 05:28:28', '2018-07-17 05:28:28'),
(188, 13, 'Mr. Timothy Rolfson Sr.', 'Dignissimos velit aliquam totam distinctio quo. Amet officia voluptas asperiores qui quasi nostrum. Ad aut sit debitis et quia.', 2, '2018-07-17 05:28:28', '2018-07-17 05:28:28'),
(189, 19, 'Ms. Sabina Keebler', 'Dolorem explicabo aperiam perferendis omnis corrupti. Omnis ut facere reiciendis quisquam nihil et. Aspernatur sint rem dolores aspernatur. Id est nihil et inventore debitis laboriosam.', 1, '2018-07-17 05:28:28', '2018-07-17 05:28:28'),
(190, 22, 'Harrison Quitzon PhD', 'Et dolore ut odio eaque aut commodi id dolorum. Voluptates et omnis quod doloremque accusamus vitae omnis. Maiores enim magni est nostrum.', 0, '2018-07-17 05:28:28', '2018-07-17 05:28:28'),
(191, 24, 'Prof. Eldred Breitenberg', 'Similique ratione ut et quaerat aliquid. Officiis ut ab eum fuga omnis. In ut ut voluptatem exercitationem repellendus velit dicta provident. Eligendi aut consequatur quia qui. Voluptas dignissimos perferendis facilis non est.', 4, '2018-07-17 05:28:28', '2018-07-17 05:28:28'),
(192, 2, 'Keaton Stracke', 'Eum et impedit alias. Unde quos rem quas et illum. Tenetur tempore voluptas amet.', 5, '2018-07-17 05:28:28', '2018-07-17 05:28:28'),
(193, 43, 'Jeanette McCullough', 'Itaque est reprehenderit odio in blanditiis consequatur. Rem commodi explicabo ea harum facilis rerum. Sed voluptatem officiis laborum totam.', 0, '2018-07-17 05:28:28', '2018-07-17 05:28:28'),
(194, 40, 'Evert Lebsack DVM', 'Eum dolorem aut exercitationem est repudiandae quos. Aut ea voluptas placeat et unde commodi earum. Corrupti commodi labore sequi est ex. Vel consequatur et natus.', 3, '2018-07-17 05:28:28', '2018-07-17 05:28:28'),
(195, 22, 'Hector Haley', 'Ducimus ratione modi qui unde repellendus dolore voluptatibus. Quas molestias temporibus dolore blanditiis est ut dignissimos quo. Commodi accusantium harum aut aliquam recusandae.', 3, '2018-07-17 05:28:28', '2018-07-17 05:28:28'),
(196, 32, 'Sienna Gibson IV', 'Fugiat sed vero ea laboriosam blanditiis quos. Quasi sunt optio ad quas. Adipisci adipisci exercitationem inventore eum. Odit cumque enim aperiam ea facilis sunt odio.', 3, '2018-07-17 05:28:28', '2018-07-17 05:28:28'),
(197, 22, 'Alphonso Carter', 'Sit ex quibusdam ullam odit ipsam. Ex consequatur eaque voluptatem quidem sit aut. Consectetur accusantium veniam aut quia rerum. Omnis hic quibusdam et.', 1, '2018-07-17 05:28:28', '2018-07-17 05:28:28'),
(198, 40, 'Keshaun Dietrich', 'A quo aspernatur aut mollitia incidunt. Ipsum voluptatem mollitia et qui ut. Possimus praesentium non non blanditiis sunt consequatur optio.', 4, '2018-07-17 05:28:28', '2018-07-17 05:28:28'),
(199, 43, 'Dr. Lawrence Dicki III', 'Fugit et nihil voluptas consequatur qui. Sint consectetur atque enim neque non.', 5, '2018-07-17 05:28:28', '2018-07-17 05:28:28'),
(200, 25, 'Terence Herzog III', 'Et porro eum velit nostrum. Est veritatis dolores et excepturi dolor et quidem minus. Delectus reiciendis nisi nihil aliquid dolore culpa doloribus fugiat.', 2, '2018-07-17 05:28:28', '2018-07-17 05:28:28'),
(201, 13, 'Mr. Jakob Stracke', 'Voluptatem quo vitae ut quasi illum. Voluptates harum facilis fugiat velit in. Quia excepturi iure occaecati quod voluptatem. Iste perferendis quis consequatur non.', 1, '2018-07-17 05:28:28', '2018-07-17 05:28:28'),
(202, 36, 'Dr. Mazie Tillman', 'Molestiae tenetur pariatur aliquam vel. Excepturi impedit ab veritatis neque. Facere sed inventore odit ducimus. Est sapiente in ducimus cumque sunt unde et.', 2, '2018-07-17 05:28:28', '2018-07-17 05:28:28'),
(203, 46, 'Ben Waters', 'Et praesentium ipsa dolorem et. Rerum rem neque in nisi id earum quisquam. Voluptatem aut aut sit eaque adipisci pariatur soluta.', 0, '2018-07-17 05:28:28', '2018-07-17 05:28:28'),
(204, 38, 'Nova Wuckert', 'Quas odit error laboriosam quod rerum expedita. Quisquam nobis iure error. Vel maxime veniam et.', 4, '2018-07-17 05:28:28', '2018-07-17 05:28:28'),
(205, 39, 'Lourdes Wilderman I', 'Est atque consequatur sint occaecati rerum. Magnam delectus at sed praesentium. Eius autem porro animi rerum. Distinctio cupiditate illum maiores itaque veniam adipisci.', 4, '2018-07-17 05:28:28', '2018-07-17 05:28:28'),
(206, 11, 'Josephine Littel I', 'Ullam voluptatum ipsam id tempore dolore. Eaque quia rem exercitationem at voluptatem aspernatur sunt. Consectetur sequi doloribus neque ratione voluptatem culpa. Quae et ullam tempora soluta perspiciatis perferendis.', 5, '2018-07-17 05:28:28', '2018-07-17 05:28:28'),
(207, 10, 'Ramiro Hartmann III', 'In sapiente dolores aliquid ad magni dolorem. Dolores commodi cupiditate eligendi enim debitis. Laborum officiis id ipsa error sed. Aut repudiandae voluptate temporibus et. Ut voluptatem hic accusamus est eos et quasi.', 2, '2018-07-17 05:28:29', '2018-07-17 05:28:29'),
(208, 35, 'Dr. Kody Herman DDS', 'Omnis sint sunt numquam et et quod. Odit eos dolores sed molestias et rem. Fugit facere iusto hic architecto. Minima ut sunt dolores ab delectus est.', 2, '2018-07-17 05:28:29', '2018-07-17 05:28:29'),
(209, 30, 'Loy Rohan', 'Expedita aliquid magnam voluptatem dolorem vel necessitatibus non. Distinctio possimus at repellat nihil dolorum aut voluptas. Ut reprehenderit qui dolor. Rerum consequatur aut optio nemo assumenda.', 1, '2018-07-17 05:28:29', '2018-07-17 05:28:29'),
(210, 38, 'Lelia Weimann', 'Et assumenda eligendi repellat dolorem voluptatibus. In earum consequuntur asperiores porro. Consequuntur nostrum illo vitae non numquam animi et. Vel voluptatum fugit sunt vel.', 5, '2018-07-17 05:28:29', '2018-07-17 05:28:29'),
(211, 1, 'Tyrel Jakubowski', 'Assumenda recusandae est rerum eum eligendi non officiis. Beatae libero quis id ut adipisci ducimus quia.', 0, '2018-07-17 05:28:29', '2018-07-17 05:28:29'),
(212, 8, 'Ada Corkery', 'Maiores cum et doloribus. Sequi perspiciatis fugiat quibusdam in. Sint animi tenetur sequi atque doloribus. Debitis ipsa id vel pariatur. Et aspernatur dolorem in est provident.', 1, '2018-07-17 05:28:29', '2018-07-17 05:28:29');
INSERT INTO `reviews` (`id`, `product_id`, `customer`, `review`, `star`, `created_at`, `updated_at`) VALUES
(213, 8, 'Mrs. Gilda Rodriguez Sr.', 'Nihil quibusdam eveniet provident aut placeat voluptatem praesentium. Omnis quia iste fuga autem et. Aspernatur rerum a qui inventore ut beatae.', 4, '2018-07-17 05:28:29', '2018-07-17 05:28:29'),
(214, 44, 'Fritz Abshire I', 'Non voluptas corrupti et alias. Animi consequuntur eos et unde voluptatem quisquam similique natus. Laudantium ea et officiis porro optio nesciunt. Cum cum quae aut voluptas aspernatur. Ea eum nesciunt neque totam perferendis.', 0, '2018-07-17 05:28:29', '2018-07-17 05:28:29'),
(215, 18, 'Savanah Quigley', 'Dolores adipisci provident aut rem harum sunt. In aspernatur cum dolor quos in. Esse nesciunt id et. Qui tempora hic sequi voluptatibus et beatae. Occaecati voluptas omnis et fugit.', 5, '2018-07-17 05:28:29', '2018-07-17 05:28:29'),
(216, 1, 'Morgan Roob Jr.', 'Doloremque autem magnam non quibusdam autem mollitia. Illo velit alias laborum cumque quia tenetur optio.', 4, '2018-07-17 05:28:29', '2018-07-17 05:28:29'),
(217, 37, 'Trudie Mertz', 'Ducimus laborum in accusamus illum. At nihil ad explicabo aut occaecati tempore. Id omnis expedita eaque reprehenderit.', 5, '2018-07-17 05:28:29', '2018-07-17 05:28:29'),
(218, 18, 'Vince Heaney', 'Atque quia cupiditate libero porro facere voluptatem sed et. Quasi rem voluptatem totam illo ut. Quis excepturi omnis quia beatae neque et ipsum.', 2, '2018-07-17 05:28:29', '2018-07-17 05:28:29'),
(219, 7, 'Kaitlin Nikolaus', 'Dolore corporis placeat ut velit. Pariatur facilis qui sit sed reiciendis neque. Dolorum optio sed quia veniam vitae quaerat est. Repudiandae impedit possimus debitis aliquam quos.', 2, '2018-07-17 05:28:29', '2018-07-17 05:28:29'),
(220, 14, 'Dr. Ronny Nicolas DDS', 'Facilis ut qui quod eveniet accusamus aut. Eaque voluptas totam praesentium dolor minima corporis ea. Illum vitae suscipit quis similique. Rem voluptate culpa maxime quia eum.', 5, '2018-07-17 05:28:29', '2018-07-17 05:28:29'),
(221, 5, 'Mr. Denis Schowalter', 'Est fugiat vitae expedita. Sunt et voluptatem dolorem repellendus error quo est fuga. Sint esse consequatur vel dolor libero. Dignissimos quia maxime et aperiam facilis. Voluptas et quod quidem culpa cum dicta.', 4, '2018-07-17 05:28:29', '2018-07-17 05:28:29'),
(222, 49, 'Dr. Emile Lynch III', 'Tenetur eaque modi et voluptatem quibusdam doloremque. Pariatur rem commodi libero voluptas qui. Numquam amet qui et ab libero doloremque voluptatem. Quia quae nihil unde eligendi quam fuga.', 5, '2018-07-17 05:28:29', '2018-07-17 05:28:29'),
(223, 44, 'Giles Conn', 'Iste earum vero ut tenetur veritatis. A in atque labore aut aut animi iure eum. Cumque perferendis et commodi velit sed.', 1, '2018-07-17 05:28:29', '2018-07-17 05:28:29'),
(224, 6, 'Edwin Feest', 'Delectus molestiae et non velit. Qui officiis voluptate totam sint aspernatur vero ipsum. Temporibus sed aspernatur porro enim quisquam. Debitis distinctio est ea in quis occaecati nemo sunt.', 2, '2018-07-17 05:28:29', '2018-07-17 05:28:29'),
(225, 15, 'Prof. Ransom Johnston', 'Aut sit sit ad. Explicabo iusto ut vero illo illum quasi eum. Necessitatibus magni et eius velit debitis. Esse et excepturi quasi et qui.', 1, '2018-07-17 05:28:29', '2018-07-17 05:28:29'),
(226, 23, 'Andrew Jones', 'Vel deleniti ducimus fuga aut qui nemo minus. Deserunt officiis reiciendis sint provident eum est. Modi architecto aperiam facilis aut.', 5, '2018-07-17 05:28:29', '2018-07-17 05:28:29'),
(227, 30, 'Laverne Herman', 'Placeat atque tempore assumenda corporis odio. Amet animi et et. Hic ipsa molestiae sit necessitatibus et repudiandae.', 3, '2018-07-17 05:28:29', '2018-07-17 05:28:29'),
(228, 24, 'Anita Mohr', 'Voluptates totam rerum quas maxime. Repellat sed enim quisquam dolorum natus delectus id. Veritatis dicta veniam necessitatibus maxime quia deleniti. Sed sint cum in in non est. Numquam aliquam autem minus pariatur et delectus.', 3, '2018-07-17 05:28:29', '2018-07-17 05:28:29'),
(229, 50, 'Philip Stroman', 'Ipsum accusamus rem sed numquam perspiciatis assumenda excepturi. Esse voluptas corrupti qui qui fuga cumque eum rerum. Ut aspernatur architecto doloribus asperiores omnis eveniet et. Incidunt accusantium reprehenderit officiis.', 1, '2018-07-17 05:28:29', '2018-07-17 05:28:29'),
(230, 37, 'Kyler Wyman', 'Rerum accusantium id expedita sit ut ut. Assumenda ratione expedita eos non. Deserunt quos vel quia. Alias sit doloribus distinctio numquam tenetur tempore dolores harum.', 1, '2018-07-17 05:28:29', '2018-07-17 05:28:29'),
(231, 23, 'Holly Goyette', 'Molestiae nostrum dolor nihil ut velit recusandae quis occaecati. Rerum qui cupiditate totam. Reiciendis reiciendis quam fugit suscipit non qui.', 3, '2018-07-17 05:28:29', '2018-07-17 05:28:29'),
(232, 34, 'Wilburn Conn', 'Qui quo tempora animi perspiciatis quasi et laborum omnis. Sint perferendis a illum sit molestiae adipisci nihil. Tempore vel totam aperiam qui aut.', 3, '2018-07-17 05:28:29', '2018-07-17 05:28:29'),
(233, 24, 'Mr. Sheridan Lind', 'Nisi ullam quibusdam fuga. Quis et dolorem repellat. Sit voluptates sapiente reprehenderit magnam ipsum quis. Vero amet similique rerum. Voluptate sit inventore iure dignissimos.', 4, '2018-07-17 05:28:30', '2018-07-17 05:28:30'),
(234, 23, 'Mr. Kristoffer Green PhD', 'Atque dignissimos voluptas tenetur qui ratione sequi deleniti. Earum quasi cupiditate et nesciunt. Mollitia iusto natus vitae.', 1, '2018-07-17 05:28:30', '2018-07-17 05:28:30'),
(235, 35, 'Rozella Waelchi', 'Tempora enim non sed rerum maiores quia. Numquam dolores molestiae voluptate veritatis. Nemo voluptatibus odio reiciendis iste repellendus laborum quis. Aut quidem enim consectetur tempora.', 4, '2018-07-17 05:28:30', '2018-07-17 05:28:30'),
(236, 47, 'Ms. Adelia Johns', 'Velit pariatur consequatur sint ut eligendi. Et deleniti esse eveniet.', 2, '2018-07-17 05:28:30', '2018-07-17 05:28:30'),
(237, 7, 'Mr. Ike Lueilwitz III', 'Enim dolor dolores velit aliquam. Et dolore voluptatem ad aut et. Quo et rerum id dolores unde. Hic esse corporis deserunt eaque ullam qui possimus voluptate. Necessitatibus aut consequatur similique quia quaerat modi.', 1, '2018-07-17 05:28:30', '2018-07-17 05:28:30'),
(238, 15, 'Heidi Cronin', 'Et harum et voluptatem sunt. Corporis nihil quis et eum. Debitis earum illum eius assumenda enim autem. Ea occaecati ad et eum nam temporibus.', 3, '2018-07-17 05:28:30', '2018-07-17 05:28:30'),
(239, 8, 'Yasmin Lowe MD', 'Quia quos voluptas aspernatur dolores molestiae sed et. Cumque molestiae sed dignissimos est. Aliquam odit reiciendis vero voluptatibus sequi nobis est.', 2, '2018-07-17 05:28:30', '2018-07-17 05:28:30'),
(240, 42, 'Luella Altenwerth', 'Quia aspernatur voluptatum tempore quia est. Commodi error et recusandae. Ducimus commodi a vel eos quia ducimus. A itaque sint facilis dolorem magnam.', 5, '2018-07-17 05:28:30', '2018-07-17 05:28:30'),
(241, 17, 'Nathanael Hauck', 'Omnis quia et recusandae labore. Nobis dicta dolorem quis aut harum velit dolor. Illum minus dolore magni qui. Consequatur explicabo est velit atque non inventore. Et perferendis quod aliquid consectetur et illo quis.', 2, '2018-07-17 05:28:30', '2018-07-17 05:28:30'),
(242, 27, 'Adelbert Kshlerin', 'Tenetur sed ut assumenda commodi. Illo qui pariatur vel molestiae autem molestias non.', 0, '2018-07-17 05:28:30', '2018-07-17 05:28:30'),
(243, 8, 'Jeffrey Wiza', 'Odio laborum sed ut laudantium est error. Quis fuga nihil aut et dolor. Nihil ut corrupti aut in quidem quis perferendis. Quod ut quia id autem veniam quia beatae. Repellendus nihil blanditiis nisi ullam est.', 3, '2018-07-17 05:28:30', '2018-07-17 05:28:30'),
(244, 15, 'Adrian Goyette', 'Provident doloribus hic expedita fugiat aut dolore consequuntur. Facilis molestias voluptatem veniam aut error dolorum nisi. Ipsum eos rerum quis. Quia quia nesciunt corporis blanditiis consequatur dolorem.', 4, '2018-07-17 05:28:30', '2018-07-17 05:28:30'),
(245, 44, 'Donato Quigley', 'Assumenda consequatur eius reiciendis illo. Laboriosam quae dolor et necessitatibus perferendis et rem. Nulla voluptas voluptatem eos. Vitae magnam enim iste sed eaque nihil id.', 5, '2018-07-17 05:28:30', '2018-07-17 05:28:30'),
(246, 48, 'Kelsie Brown', 'Eaque nam fuga earum molestias esse fugiat dolores ut. Ea maiores quae possimus ducimus voluptatem vel. Soluta ut quia qui rerum quas. Et cumque architecto commodi error iure.', 5, '2018-07-17 05:28:30', '2018-07-17 05:28:30'),
(247, 45, 'Dr. Stanton Ritchie', 'Et sint ut recusandae maxime. Aut esse sit libero tempore nisi et. Animi et quidem ut. Amet sapiente et et voluptatem iure.', 3, '2018-07-17 05:28:30', '2018-07-17 05:28:30'),
(248, 34, 'Ellsworth Bins', 'Hic sed perspiciatis nostrum. Aspernatur reprehenderit velit eos a reprehenderit repellat. A facere blanditiis explicabo nisi.', 4, '2018-07-17 05:28:30', '2018-07-17 05:28:30'),
(249, 3, 'Aisha Rolfson', 'Perferendis et et et quidem dolorem occaecati amet. Est laudantium et autem quaerat aut velit nostrum ad. Et consequatur aspernatur hic omnis incidunt error nihil repellendus. Libero molestiae nesciunt deserunt dignissimos eveniet perspiciatis.', 4, '2018-07-17 05:28:30', '2018-07-17 05:28:30'),
(250, 12, 'Aletha Kirlin DVM', 'Expedita et quam sint fuga est. Tempore necessitatibus et ut et ullam ducimus consequatur. Modi tempore cumque minima voluptates debitis enim corporis. Aut error commodi repudiandae necessitatibus.', 5, '2018-07-17 05:28:30', '2018-07-17 05:28:30'),
(251, 19, 'Celia Dach', 'Sed delectus aut corporis et hic placeat maiores. Vel fugit aut autem modi ut deleniti. Aut iure ea dolorem necessitatibus eligendi dicta. Voluptatem odio quo tempora dolor provident aspernatur.', 0, '2018-07-17 05:28:30', '2018-07-17 05:28:30'),
(252, 9, 'Thea Zboncak MD', 'Exercitationem laborum aut quasi debitis. Repellendus porro facilis saepe. Explicabo facere rerum asperiores voluptatem ullam. Dolores ipsam necessitatibus nulla ipsam.', 5, '2018-07-17 05:28:30', '2018-07-17 05:28:30'),
(253, 15, 'Jordane Gulgowski', 'Et voluptatem dolore amet voluptas adipisci similique. Aut animi sit sit et. Eos amet quis vero et vel quasi modi.', 5, '2018-07-17 05:28:30', '2018-07-17 05:28:30'),
(254, 1, 'Dejuan Reichel', 'Aliquam est dolorum non reprehenderit sit. Natus recusandae dicta et ab. Est eum eum consequuntur dolor voluptatum doloribus consequuntur. Quia nostrum et reprehenderit officia veritatis.', 5, '2018-07-17 05:28:30', '2018-07-17 05:28:30'),
(255, 31, 'Ambrose Borer', 'Rerum non quasi quos unde. Est aliquam nisi dolor aut qui. Ab explicabo dolore et iusto id velit at. Animi maiores occaecati fugit quidem.', 2, '2018-07-17 05:28:30', '2018-07-17 05:28:30'),
(256, 3, 'Elissa Beatty', 'Occaecati ut fugit hic et voluptas dolorum. Perspiciatis et dolore quaerat molestiae error a. Est ut voluptas beatae recusandae et ex odio. Magnam fuga doloribus maxime qui totam minus et.', 4, '2018-07-17 05:28:30', '2018-07-17 05:28:30'),
(257, 35, 'Sydnie Smitham', 'Accusantium eius aut ipsa. Accusamus et et et aut. Esse ex impedit magnam minima.', 5, '2018-07-17 05:28:30', '2018-07-17 05:28:30'),
(258, 45, 'Ian Gislason', 'Neque beatae provident omnis maiores. Sit et omnis aut omnis delectus error non. Nihil et aliquid suscipit eos. Blanditiis incidunt eligendi incidunt laudantium. Autem est voluptas omnis amet aliquam.', 5, '2018-07-17 05:28:30', '2018-07-17 05:28:30'),
(259, 34, 'Prof. Rachael Bruen DDS', 'Ut commodi dolorem et impedit. Voluptatum neque architecto qui molestiae amet cumque nam repellat. Dolorem voluptates voluptatem expedita et.', 3, '2018-07-17 05:28:30', '2018-07-17 05:28:30'),
(260, 20, 'Geovany Dietrich', 'Esse rerum vel consequatur optio aut. Voluptas aut voluptatem et. Autem harum commodi expedita excepturi. Sapiente quos omnis ad recusandae quaerat.', 1, '2018-07-17 05:28:31', '2018-07-17 05:28:31'),
(261, 8, 'Gracie Kunze', 'Eveniet reprehenderit ullam repellat consectetur optio fuga. Magni ea quam consequuntur quasi. Asperiores excepturi consequatur eos non cumque.', 4, '2018-07-17 05:28:31', '2018-07-17 05:28:31'),
(262, 38, 'Kaylah Berge', 'Ducimus sit omnis neque qui. Eos ut dolor et neque totam nulla. Fugit dolores sint et autem et consequatur. Non voluptatem debitis enim tempora et illum. Animi voluptas possimus voluptatem vel facilis quis.', 5, '2018-07-17 05:28:31', '2018-07-17 05:28:31'),
(263, 1, 'Mr. Marlon Thiel I', 'Dolore et aut repudiandae odio aut. Sed dolores mollitia et nulla suscipit. Voluptatem enim et doloremque fuga. Perferendis sit sed tenetur illo omnis aut ipsa molestiae.', 5, '2018-07-17 05:28:31', '2018-07-17 05:28:31'),
(264, 13, 'Jorge Yost', 'Voluptate numquam iure officia blanditiis quis eius. Harum rerum vel nostrum doloremque blanditiis iste qui. Est quaerat et laudantium similique numquam possimus ut.', 1, '2018-07-17 05:28:31', '2018-07-17 05:28:31'),
(265, 13, 'Dr. Delbert Cummings Jr.', 'Assumenda optio ipsum sed quos illo. Mollitia rerum nemo et est ut alias omnis. Alias pariatur in voluptatibus odit distinctio delectus asperiores.', 0, '2018-07-17 05:28:32', '2018-07-17 05:28:32'),
(266, 39, 'Roxanne Davis', 'Iusto perspiciatis dolor nulla facilis commodi sint. Facere necessitatibus occaecati illum aperiam culpa nobis. Et sit officiis unde accusamus. Aut omnis et magni qui dolorem molestias.', 2, '2018-07-17 05:28:32', '2018-07-17 05:28:32'),
(267, 37, 'Ward Ernser', 'Rerum sit itaque adipisci cupiditate nihil suscipit. Perferendis id ipsam libero eos suscipit mollitia deleniti. Ut omnis sit maxime alias. Quis vitae suscipit dolorem architecto ipsum nihil.', 3, '2018-07-17 05:28:32', '2018-07-17 05:28:32'),
(268, 18, 'Miss Janice Torp IV', 'Esse ipsam rem eligendi molestias sed ratione adipisci. Quis eos eos et rerum. Incidunt odio minima reiciendis ea quidem omnis. Laboriosam aut aut rem vel et aut ut.', 1, '2018-07-17 05:28:32', '2018-07-17 05:28:32'),
(269, 3, 'Morgan Borer', 'Et magnam harum necessitatibus cum quaerat. Quaerat saepe non voluptatibus ipsam qui et sit ipsum.', 0, '2018-07-17 05:28:32', '2018-07-17 05:28:32'),
(270, 13, 'Prof. Schuyler Sanford DVM', 'Eos impedit voluptatem ipsam excepturi quis. Perspiciatis rerum et sed. Aliquam modi assumenda consequuntur perferendis cumque hic nulla. Aut eveniet est velit ut quod. Fugiat sequi est quia assumenda velit impedit aut.', 0, '2018-07-17 05:28:32', '2018-07-17 05:28:32'),
(271, 2, 'Tanya Schaden', 'Hic unde commodi tenetur reprehenderit repellendus voluptatibus qui mollitia. Ducimus in culpa voluptatibus accusamus reiciendis odit. Quo sunt dolorum aut enim consequatur voluptatem debitis. Eius enim aut quis et.', 3, '2018-07-17 05:28:32', '2018-07-17 05:28:32'),
(272, 47, 'Miss Kathlyn Schmeler', 'Sed deleniti ea molestiae non autem enim reiciendis inventore. Rerum iste rerum debitis praesentium eos ipsa. Quasi in voluptatum doloremque. Voluptatem et quis officiis eum quia molestias.', 4, '2018-07-17 05:28:33', '2018-07-17 05:28:33'),
(273, 13, 'Luigi Bernhard', 'Qui dolorem qui et qui non fuga cumque. Et tempore temporibus optio ut quaerat rerum. Dignissimos et quo veniam in. Voluptas tempora aut deserunt.', 3, '2018-07-17 05:28:33', '2018-07-17 05:28:33'),
(274, 2, 'Darby Hilpert', 'Non quos deserunt et dolores dignissimos fugit et. Voluptas voluptatem consequuntur nulla.', 2, '2018-07-17 05:28:33', '2018-07-17 05:28:33'),
(275, 50, 'Prof. Laury Brown', 'Deleniti voluptas aliquid vero. Soluta aspernatur voluptas voluptates unde. Neque aliquam quis magnam doloribus.', 5, '2018-07-17 05:28:33', '2018-07-17 05:28:33'),
(276, 21, 'Brennan Schroeder', 'Exercitationem fugiat quod aliquam distinctio error. Vero dolorem quos praesentium vero distinctio dignissimos ullam. Quisquam deserunt in cumque dignissimos. Nulla veritatis illo porro magnam perspiciatis adipisci nam nisi.', 3, '2018-07-17 05:28:33', '2018-07-17 05:28:33'),
(277, 12, 'Muhammad Daugherty', 'Omnis pariatur voluptatibus consectetur ea ut animi. Aliquam quo sit dolor nam et delectus mollitia. Similique facere et dolores voluptatem esse nam laboriosam. Porro earum ipsa hic distinctio.', 4, '2018-07-17 05:28:33', '2018-07-17 05:28:33'),
(278, 15, 'Nelda Mayert', 'Sed aut officia error id unde ut quaerat nisi. Commodi occaecati tempore corrupti dicta enim laudantium et. Autem perspiciatis occaecati deserunt incidunt enim ut. Illum quae voluptate explicabo est animi error aperiam.', 1, '2018-07-17 05:28:33', '2018-07-17 05:28:33'),
(279, 27, 'Demond Zieme', 'Ducimus nostrum ipsum optio at sint. Sint dignissimos porro soluta dolores. Perspiciatis sed sint quia delectus pariatur. Eveniet aut aut corrupti.', 0, '2018-07-17 05:28:33', '2018-07-17 05:28:33'),
(280, 3, 'Megane Jaskolski', 'Enim natus occaecati aspernatur quidem velit ab totam. Nisi provident blanditiis suscipit deleniti. Soluta incidunt ab totam libero nulla.', 2, '2018-07-17 05:28:33', '2018-07-17 05:28:33'),
(281, 37, 'Tess Mante', 'Quaerat id exercitationem dolor nobis voluptas necessitatibus laborum. Et et et culpa et totam cumque quia assumenda. Qui adipisci soluta maiores quod qui impedit. Et maxime repellendus doloremque ea.', 3, '2018-07-17 05:28:34', '2018-07-17 05:28:34'),
(282, 33, 'Kali Gislason', 'Dolor et veritatis modi beatae ducimus eum. Fugit et accusamus fugiat praesentium. Quos sed qui modi autem id laudantium sed.', 4, '2018-07-17 05:28:34', '2018-07-17 05:28:34'),
(283, 27, 'Dora Kuhic', 'Blanditiis dolor tempore cum accusamus saepe eum. Id deserunt repellendus aut consequatur. Quos et molestiae eius.', 1, '2018-07-17 05:28:34', '2018-07-17 05:28:34'),
(284, 14, 'Dr. Eileen Hermiston IV', 'Eius asperiores non voluptas rem. Impedit pariatur est laboriosam aut necessitatibus aliquid animi. Amet sunt dicta ut perferendis. Debitis quidem delectus et et sequi qui repellendus delectus.', 4, '2018-07-17 05:28:34', '2018-07-17 05:28:34'),
(285, 40, 'Dr. Johnnie Satterfield', 'Cum consequatur quibusdam ullam aliquam magnam sit dolorem. Esse eos voluptatem voluptatem qui et ex quia. Facilis quam qui unde fugit reiciendis neque qui.', 3, '2018-07-17 05:28:34', '2018-07-17 05:28:34'),
(286, 35, 'Kameron Walsh DDS', 'Numquam ut autem qui vel est nulla non assumenda. Quia quo earum aut facilis totam. Voluptatem incidunt recusandae minima id possimus facilis.', 0, '2018-07-17 05:28:34', '2018-07-17 05:28:34'),
(287, 37, 'Leola Fadel', 'Dolore et dolorum ab porro. Mollitia dolorem eveniet consectetur voluptas blanditiis ab quia. Rem et quibusdam minima et aut repellendus. Blanditiis non et modi.', 4, '2018-07-17 05:28:34', '2018-07-17 05:28:34'),
(288, 43, 'Mose Torphy', 'Ut exercitationem est qui earum. Et ut autem inventore quidem sed totam illum qui. Quae fuga perferendis aliquid. Eius occaecati est dolores et repellendus voluptatum.', 4, '2018-07-17 05:28:34', '2018-07-17 05:28:34'),
(289, 3, 'Theresa Denesik', 'Placeat quis et et vero ea. Id recusandae soluta vero cum amet rerum voluptatum. Aut quia quia perferendis.', 1, '2018-07-17 05:28:34', '2018-07-17 05:28:34'),
(290, 41, 'Luella Crona', 'Et maiores veritatis repudiandae. Mollitia tempore sed quo et. Sed totam sit sit tempora voluptatem enim ea.', 1, '2018-07-17 05:28:34', '2018-07-17 05:28:34'),
(291, 40, 'Joaquin Brekke', 'Odio maiores omnis voluptatem dolorem. Eveniet quo laudantium repudiandae voluptatem voluptatem dicta. Qui excepturi qui labore. Dolor rerum laborum excepturi asperiores.', 0, '2018-07-17 05:28:34', '2018-07-17 05:28:34'),
(292, 3, 'Joy Glover', 'Quis dolores error aliquid perspiciatis rem pariatur mollitia asperiores. Error officia fugiat possimus ipsum. Impedit qui necessitatibus sed quisquam. Odit rem et et voluptates.', 0, '2018-07-17 05:28:34', '2018-07-17 05:28:34'),
(293, 1, 'Prof. Christy Franecki IV', 'Illum itaque commodi nulla ratione provident temporibus ea. Consequatur et aspernatur adipisci. Qui reprehenderit ducimus et unde doloremque nisi.', 5, '2018-07-17 05:28:35', '2018-07-17 05:28:35'),
(294, 6, 'Lou Macejkovic', 'Aut molestiae qui officia nam consectetur. Ea similique magnam delectus et et repudiandae voluptatum. Culpa expedita error amet nemo iure rem. Porro assumenda et accusamus tenetur. Commodi numquam dolores cumque quis eveniet.', 5, '2018-07-17 05:28:35', '2018-07-17 05:28:35'),
(295, 17, 'Toney Dach', 'Aliquam omnis nihil laudantium fugiat reprehenderit ut. Molestiae sit vel aut omnis enim. Veritatis unde aut facere dolores alias id placeat. Consequatur magnam deleniti ratione excepturi culpa qui.', 4, '2018-07-17 05:28:35', '2018-07-17 05:28:35'),
(296, 23, 'Mr. Broderick Satterfield', 'Et magnam minima quae tenetur. Explicabo modi in inventore dolores reiciendis necessitatibus eius. Porro ut consequatur debitis rerum dolorum dignissimos. Delectus nostrum sed sunt repellat enim.', 4, '2018-07-17 05:28:35', '2018-07-17 05:28:35'),
(297, 10, 'Mr. Kobe Reynolds PhD', 'Facilis porro possimus minus deleniti sit. Sed consequatur dicta voluptate dolore. Aliquid quos totam explicabo minus non labore vitae. Sit sint eum et dolorem.', 3, '2018-07-17 05:28:35', '2018-07-17 05:28:35'),
(298, 42, 'Aaron Kshlerin', 'Ducimus totam aspernatur dolor et facere aut quia. Et occaecati alias sint porro dolorem voluptatem. Sapiente doloribus similique fugit numquam a expedita.', 4, '2018-07-17 05:28:35', '2018-07-17 05:28:35'),
(299, 30, 'Ryan Leuschke Jr.', 'Voluptas praesentium sed nostrum odio facere voluptatibus a quaerat. Ipsam dolorem qui rem perferendis. Voluptates sunt et reprehenderit quas. Fugiat pariatur omnis incidunt omnis.', 4, '2018-07-17 05:28:35', '2018-07-17 05:28:35'),
(300, 26, 'Dr. Rodger Stark', 'Nam vel ducimus voluptas enim fugit enim tempora. Voluptas vel enim tempora ullam repellendus molestias nobis. Qui sequi dolores et soluta molestiae nam. Culpa est alias non eos.', 5, '2018-07-17 05:28:35', '2018-07-17 05:28:35');

-- --------------------------------------------------------

--
-- Table structure for table `users`
--

CREATE TABLE `users` (
  `id` int(10) UNSIGNED NOT NULL,
  `name` varchar(191) COLLATE utf8mb4_unicode_ci NOT NULL,
  `email` varchar(191) COLLATE utf8mb4_unicode_ci NOT NULL,
  `password` varchar(191) COLLATE utf8mb4_unicode_ci NOT NULL,
  `remember_token` varchar(100) COLLATE utf8mb4_unicode_ci DEFAULT NULL,
  `created_at` timestamp NULL DEFAULT NULL,
  `updated_at` timestamp NULL DEFAULT NULL
) ENGINE=InnoDB DEFAULT CHARSET=utf8mb4 COLLATE=utf8mb4_unicode_ci;

--
-- Indexes for dumped tables
--

--
-- Indexes for table `migrations`
--
ALTER TABLE `migrations`
  ADD PRIMARY KEY (`id`);

--
-- Indexes for table `password_resets`
--
ALTER TABLE `password_resets`
  ADD KEY `password_resets_email_index` (`email`);

--
-- Indexes for table `products`
--
ALTER TABLE `products`
  ADD PRIMARY KEY (`id`);

--
-- Indexes for table `reviews`
--
ALTER TABLE `reviews`
  ADD PRIMARY KEY (`id`),
  ADD KEY `reviews_product_id_index` (`product_id`);

--
-- Indexes for table `users`
--
ALTER TABLE `users`
  ADD PRIMARY KEY (`id`),
  ADD UNIQUE KEY `users_email_unique` (`email`);

--
-- AUTO_INCREMENT for dumped tables
--

--
-- AUTO_INCREMENT for table `migrations`
--
ALTER TABLE `migrations`
  MODIFY `id` int(10) UNSIGNED NOT NULL AUTO_INCREMENT, AUTO_INCREMENT=5;

--
-- AUTO_INCREMENT for table `products`
--
ALTER TABLE `products`
  MODIFY `id` int(10) UNSIGNED NOT NULL AUTO_INCREMENT, AUTO_INCREMENT=51;

--
-- AUTO_INCREMENT for table `reviews`
--
ALTER TABLE `reviews`
  MODIFY `id` int(10) UNSIGNED NOT NULL AUTO_INCREMENT, AUTO_INCREMENT=301;

--
-- AUTO_INCREMENT for table `users`
--
ALTER TABLE `users`
  MODIFY `id` int(10) UNSIGNED NOT NULL AUTO_INCREMENT;

--
-- Constraints for dumped tables
--

--
-- Constraints for table `reviews`
--
ALTER TABLE `reviews`
  ADD CONSTRAINT `reviews_product_id_foreign` FOREIGN KEY (`product_id`) REFERENCES `products` (`id`) ON DELETE CASCADE;
COMMIT;

/*!40101 SET CHARACTER_SET_CLIENT=@OLD_CHARACTER_SET_CLIENT */;
/*!40101 SET CHARACTER_SET_RESULTS=@OLD_CHARACTER_SET_RESULTS */;
/*!40101 SET COLLATION_CONNECTION=@OLD_COLLATION_CONNECTION */;
